0,1,2,3,4
-1.0578,-1.6856,-2.0988,-2.1566,-3.0038
-1.0627,-1.6843,-2.1744,-2.126,-2.8579
-0.83846,-1.8472,-2.1539,-1.9771,-2.7997
-0.90905,-1.7568,-2.0588,-1.9751,-2.7429
-0.94621,-1.6774,-2.0785,-2.0646,-2.6261
-0.95389,-1.7154,-1.9397,-1.7517,-3.0021
-0.78495,-1.7307,-1.7806,-1.873,-2.7437
-0.77539,-1.5779,-1.8431,-1.9075,-2.4166
-0.91573,-1.5744,-2.015,-1.8212,-2.6347
-0.70625,-1.6291,-1.6947,-1.7369,-2.4844
-1.014,-1.5566,-1.8935,-1.7561,-2.5037
-0.8142,-1.3605,-1.6911,-1.4334,-2.2443
-0.67728,-1.4345,-1.8044,-1.2011,-2.1465
-0.7661,-1.3795,-1.6602,-0.65554,-2.0053
-0.65133,-1.5767,-1.7183,-0.31185,-1.9287
-0.75323,-1.3668,-1.4259,0.25074,-1.539
-0.67068,-1.1236,-1.4829,0.89449,-1.4228
-0.51901,-1.1402,-1.3224,1.544,-0.93209
-0.66928,-1.2403,-1.3693,2.0093,-0.7463
-0.44923,-1.324,-1.5604,2.41,-0.60345
-0.50827,-1.1984,-1.3581,2.9544,-0.20819
-0.30379,-1.0443,-1.3453,3.2708,0.083575
0.12505,-0.89424,-1.1218,3.5026,0.41134
0.34983,-0.69572,-1.1157,3.8641,0.68408
0.62697,-0.73202,-1.0637,3.9626,1.0389
0.96568,-0.57584,-0.67223,4.0077,1.2913
1.2275,-0.29693,-0.83894,4.146,1.55
1.333,-0.21843,-0.5821,4.0317,1.539
1.5077,-0.097354,-0.42944,3.9586,1.9384
1.7155,0.0049562,-0.37794,4.1483,1.8108
1.767,0.043854,-0.36977,3.9503,1.9168
1.4105,0.37595,-0.33887,3.7961,1.8501
1.4131,0.23227,-0.45985,3.37,1.66
1.3993,0.302,-0.4223,3.0807,1.6768
1.3189,0.3308,-0.23569,2.6811,1.6385
1.1563,0.34769,-0.47227,2.3061,1.3908
0.87073,0.217,-0.40087,1.8168,0.99513
0.60862,0.32305,-0.38954,1.4389,0.63479
0.35413,0.1955,-0.47352,0.75247,0.71372
0.067126,0.32788,-0.64981,0.39931,0.54973
0.012563,-0.20004,-0.5945,-0.29349,0.26808
-0.34319,-0.16248,-0.62076,-0.87238,0.20666
-0.35359,-0.11526,-0.49773,-1.4948,0.39179
-0.6856,-0.26415,-0.68865,-1.7579,0.38473
-0.77641,-0.23936,-0.48983,-1.7562,0.64343
-0.9155,-0.31077,-0.78492,-1.6271,1.0593
-0.83062,-0.26023,-0.49946,-1.8421,1.4619
-1.1172,-0.60764,-0.76058,-1.8167,1.7771
-1.2286,-0.50745,-0.5834,-1.496,1.9154
-1.0363,-0.609,-0.62258,-1.5231,2.2435
-0.98721,-0.76389,-0.66948,-1.4735,2.5115
-0.7869,-0.60742,-0.42405,-1.5067,2.8129
-0.43522,-0.463,-0.3444,-1.4582,2.9067
0.12801,-0.60364,-0.19894,-1.4535,3.0967
0.65861,-0.22292,-0.01286,-1.5537,3.4007
1.2406,0.008842,-0.062338,-1.4614,3.2759
1.6618,0.2688,0.16705,-1.7686,3.7102
2.2575,0.36865,0.046691,-1.6632,3.3724
2.3794,0.57903,0.39737,-1.6519,3.6892
2.6021,0.82315,0.58729,-2.0835,3.5702
2.8255,1.0574,0.65466,-1.6801,3.5106
2.7079,1.0163,0.70224,-1.8396,3.7028
2.7592,1.4109,0.77715,-1.9734,3.2765
2.6096,1.2989,0.74389,-1.8453,3.2983
2.538,1.2292,0.70309,-2.0139,3.25
2.1562,1.2035,0.69004,-2.0875,2.8853
1.8125,1.4285,0.47155,-1.9367,3.0262
1.7932,1.2993,0.28681,-2.153,2.8745
1.5005,1.1842,0.57351,-1.98,2.6595
0.9246,1.019,0.47936,-2.0433,2.6132
0.76932,1.0099,0.51465,-1.866,2.3162
0.34829,0.82372,0.60011,-1.5443,2.367
0.14685,0.6239,0.61174,-1.4756,2.2264
-0.47762,0.57089,0.95939,-1.3227,2.1294
-0.71319,0.56004,0.95273,-1.1571,1.8416
-0.97628,0.46954,1.1664,-0.89026,1.8569
-1.3832,0.4455,1.2545,-0.81937,1.5971
-1.1482,0.34793,1.3949,-0.93077,1.6568
-1.4197,0.3167,1.3504,-0.60334,1.4986
-1.4272,0.17682,1.2967,-0.80492,0.9746
-1.082,0.42014,1.2544,-0.8014,0.97973
-0.47435,0.47312,1.3375,-0.72032,0.9257
0.00749,0.66037,1.5214,-0.72962,0.63745
0.32027,0.5723,1.4033,-0.72439,0.38173
0.88059,1.0988,1.2696,-0.63724,0.32188
1.2425,1.0305,1.3687,-0.38929,-0.037638
1.8585,1.2393,1.3096,-0.58074,-0.28994
2.443,1.2944,1.5234,-0.40244,-0.20452
2.6155,1.6808,1.452,-0.33251,-0.58119
3.2243,1.6931,1.5848,-0.41359,-0.57019
3.3505,1.775,1.4242,-0.52785,-0.98117
3.4033,2.0593,1.6042,-0.55361,-1.0439
3.7341,2.2452,1.359,-0.33618,-1.0038
3.7833,2.1571,1.3883,-0.2296,-1.0122
3.7982,2.3738,1.3891,-0.31469,-1.0551
3.8544,2.2579,1.6621,0.24948,-1.051
3.7121,2.5823,1.279,0.83455,-1.0159
3.7436,2.751,1.1355,1.3513,-0.88895
3.7168,2.624,1.2768,1.5386,-0.97022
3.5241,2.5752,1.2975,2.0365,-0.56163
3.6656,2.7405,1.3803,2.6376,-0.48559
3.6834,2.797,1.4731,2.7447,-0.35028
3.3123,2.6135,1.3969,2.8528,-0.0078318
3.2728,2.6801,1.3527,2.9347,0.0016724
3.0986,2.7966,1.3797,2.8694,-0.012334
2.8857,2.628,1.552,2.7323,0.18807
2.6481,2.7364,1.4898,2.8649,0.028549
2.4832,2.7039,1.446,2.4923,0.22972
2.2924,2.8906,1.5956,2.409,0.38234
1.8836,2.9627,1.5252,2.11,0.62791
1.3745,2.7983,1.65,1.9539,0.59063
0.98124,2.772,1.6963,1.4644,0.69612
0.55066,2.9087,1.7912,1.072,0.5658
0.12771,2.8338,1.8445,0.84418,0.68036
-0.25239,2.8662,1.7187,0.61413,0.86443
-0.76773,2.7621,1.8656,0.056176,0.76687
-1.5413,2.768,1.9444,0.032162,0.74705
-1.9852,2.7464,1.674,-0.58349,0.95282
-2.4474,2.578,1.5116,-0.99879,0.8398
-2.8975,2.3341,1.5167,-1.1217,0.93952
-3.2662,2.1431,1.1211,-1.5437,0.76555
-3.5858,1.9487,0.91736,-1.8345,0.77288
-3.9803,1.4936,0.76212,-2.0583,0.77045
-4.2428,1.4637,0.52065,-2.3087,0.72383
-4.3764,0.88973,0.47487,-2.642,0.72712
-4.3778,0.52312,0.30442,-2.8471,0.55806
-4.5265,0.15904,-0.031007,-3.0415,0.72252
-4.5764,-0.17136,-0.32631,-3.2164,0.60828
-4.4114,-0.5249,-0.51446,-3.0702,0.53787
-4.3826,-1.0434,-0.59142,-3.2003,0.38721
-4.3477,-1.376,-0.64145,-2.948,0.34316
-4.1113,-1.6647,-1.0501,-3.1781,0.42681
-3.7241,-2.0944,-1.1369,-3.0994,0.34025
-3.596,-2.35,-1.2636,-2.7393,0.41955
-3.4155,-2.4847,-1.3497,-2.6754,0.36678
-3.0883,-2.7011,-1.3055,-2.6223,0.16475
-2.8534,-2.9595,-1.2864,-2.5483,0.32424
-2.6093,-2.983,-1.3021,-2.5546,0.068148
-2.3663,-3.354,-1.3616,-2.2166,0.10243
-2.2697,-3.4327,-1.3681,-2.1377,0.13594
-2.0632,-3.5065,-1.4692,-1.9981,0.10924
-1.9717,-3.3545,-1.4225,-1.7749,0.17902
-2.0937,-3.5495,-1.3702,-1.7095,0.0097369
-1.738,-3.3963,-1.2676,-1.4402,-0.11661
-1.4863,-3.3535,-1.416,-1.4771,-0.033551
-1.3966,-3.3217,-1.1258,-1.2735,0.03696
-1.482,-3.1253,-0.77824,-1.06,-0.20241
-1.4486,-3.2012,-0.52,-0.95979,-0.18267
-1.4443,-2.9817,-0.048102,-0.71252,-0.27265
-1.4597,-2.6217,0.39995,-0.51015,-0.49249
-1.2433,-2.8416,0.98501,-0.20318,-0.36821
-1.252,-2.5656,1.5231,-0.056647,-0.30617
-1.263,-2.1643,1.8847,-0.18969,-0.20105
-1.1409,-2.1344,2.3058,0.089225,-0.3166
-1.2538,-2.0785,2.6913,0.10273,-0.26732
-1.3426,-1.8542,3.2046,0.23331,-0.1135
-1.4509,-1.59,3.389,0.70317,-0.35737
-1.28,-1.6656,3.5312,0.6018,-0.16297
-1.5044,-1.6361,3.8701,0.856,-0.22716
-1.252,-1.305,3.9402,0.87194,-0.16858
-1.3117,-1.3492,4.0802,1.017,-0.17862
-1.2697,-1.1743,4.0066,1.1952,-0.0080775
-1.1759,-1.1464,4.2296,0.95617,-0.24672
-1.0753,-1.1416,4.2991,1.0501,0.030868
-0.78644,-0.76531,4.1887,1.0241,-0.11969
-0.61807,-0.69229,4.279,1.1335,-0.15417
-0.1865,-0.72776,4.2957,1.1608,0.088964
0.12378,-0.23277,4.1249,1.3426,0.17397
0.46031,-0.16912,4.0999,1.3103,0.076421
0.87701,-0.26665,4.1644,1.5419,0.11937
1.0057,0.076343,4.0652,1.8238,0.16568
1.1732,0.060425,3.9284,2.2185,0.37865
1.3769,0.088997,3.8442,2.5658,0.33825
1.0598,0.29911,3.5846,2.9121,0.40908
1.3345,0.45613,3.3742,3.194,0.51377
1.1717,0.28345,3.0609,3.4843,0.42794
0.99066,0.37377,2.9187,3.9456,0.64129
0.69381,0.34933,2.7868,4.0406,0.55333
0.47417,0.4538,2.4344,4.0284,0.66921
0.45251,0.16253,2.1459,4.1831,0.43229
0.30531,0.23768,2.1427,3.9322,0.64068
-0.085127,-0.0050347,1.745,4.0236,0.51032
-0.21865,-0.059036,1.7108,4.0077,0.34321
-0.34174,-0.10204,1.6474,3.7877,0.24862
-0.61265,-0.42546,1.3006,3.3306,0.12716
-0.83108,-0.3352,1.3675,3.2416,0.12084
-1.2,-0.3155,0.89706,2.8651,0.011179
-1.4432,-0.65622,0.95494,2.4486,-0.25172
-1.5995,-0.80817,0.64841,1.8993,-0.21187
-1.6475,-0.72157,0.44856,1.7449,-0.34035
-1.4837,-0.86312,0.078387,1.164,-0.77542
-1.6184,-0.86738,-0.2369,0.71793,-0.68192
-1.6177,-0.90979,-0.35633,0.25821,-0.87586
-1.6551,-0.86838,-0.57632,-0.20522,-1.3737
-1.7648,-1.0629,-0.61802,-0.47691,-1.416
-1.8205,-0.86985,-0.61092,-0.83512,-1.9919
-1.8499,-0.97661,-0.51929,-1.1585,-2.1754
-1.7774,-1.0322,-0.5235,-1.3394,-2.8359
-1.6247,-0.97688,-0.34703,-1.5471,-2.9111
-1.4401,-0.86951,0.023252,-1.8634,-3.3353
-1.3553,-0.96971,0.095586,-1.9278,-3.4736
-1.2649,-0.95009,0.34601,-1.8171,-3.8958
-1.2389,-0.97075,0.5357,-1.9406,-4.2925
-1.223,-0.7079,0.74628,-1.8411,-4.4577
-1.0419,-0.62763,1.0224,-1.8994,-4.8787
-0.88649,-0.52668,1.0464,-1.6223,-5.1963
-0.96355,-0.71977,1.0306,-1.6473,-5.2757
-0.7554,-0.47857,1.0495,-1.4442,-5.4375
-0.65378,-0.67761,1.0175,-1.4049,-5.6489
-0.64889,-0.46717,0.72805,-1.3577,-5.7033
-0.47187,-0.55052,0.61133,-1.2272,-5.7668
-0.56459,-0.22547,0.3351,-1.2435,-5.9556
-0.62354,-0.34795,-0.015337,-1.3429,-6.02
-0.50824,-0.39972,-0.075879,-1.1349,-5.8966
-0.48606,-0.33656,-0.73747,-1.3053,-5.9049
-0.29647,-0.43415,-0.98205,-1.022,-5.6997
-0.42214,-0.37398,-1.1997,-1.2774,-5.6014
-0.44145,-0.41739,-1.5266,-0.90343,-5.6201
-0.31186,-0.38702,-2.0215,-0.59,-5.4756
-0.45357,-0.20383,-2.1162,-0.17243,-5.096
-0.25059,-0.2427,-2.5634,0.38365,-4.7788
-0.44771,-0.15934,-2.6898,0.89182,-4.0354
-0.39899,-0.0080885,-3.0001,1.5236,-3.6402
-0.21552,0.018973,-3.2421,2.0182,-3.0046
-0.48043,-0.024595,-3.3652,2.3882,-2.496
-0.4278,0.13784,-3.3753,2.7765,-2.1734
-0.38332,0.44684,-3.441,3.1142,-1.784
-0.33603,0.93228,-3.271,3.381,-1.3925
-0.35191,0.94958,-3.0008,3.9284,-1.0261
-0.13583,1.3349,-3.0442,3.8973,-0.64053
-0.3907,1.6208,-3.0082,4.0131,-0.59243
-0.31353,1.6632,-2.9345,4.2323,-0.53437
-0.19955,2.1125,-2.6818,4.2346,-0.27983
-0.19017,2.1929,-2.5402,4.0737,-0.37762
-0.3154,2.1147,-2.5568,4.1945,-0.34768
-0.16593,2.168,-2.5546,4.0472,-0.24621
-0.11026,2.1026,-2.5262,4.1518,-0.30775
-0.20945,2.1157,-2.5782,4.0597,-0.30306
-0.30387,2.0096,-2.4372,3.9086,-0.40336
-0.18292,1.811,-2.5041,3.7574,-0.34785
-0.12397,1.7176,-2.6598,3.8817,-0.53148
-0.16715,1.5472,-2.3982,3.4692,-0.36626
-0.15919,1.4343,-2.3713,3.5323,-0.2672
-0.12882,1.0871,-2.6308,3.3101,-0.54941
-0.25717,0.95898,-2.7679,3.2834,-0.70899
0.070127,0.79495,-2.8169,3.0749,-0.58312
0.15127,0.53337,-2.8228,2.6964,-0.71792
0.013505,0.40942,-2.7266,2.2859,-0.81677
-0.095677,0.062283,-2.8424,2.0866,-1.1083
-0.049171,-0.13879,-2.668,1.6155,-1.01
-0.030855,-0.41632,-2.6971,1.1342,-1.4094
0.11852,-0.47906,-2.8434,0.66063,-1.3736
-0.14355,-0.49192,-2.7831,0.33846,-1.6951
0.076096,-0.5001,-2.6505,-0.35381,-2.0282
-0.05424,-0.69373,-2.5545,-0.98959,-2.1438
0.076034,-0.76528,-2.8214,-1.2065,-2.4176
0.051566,-0.46072,-2.4298,-2.0863,-2.4621
0.08144,-0.20615,-2.2075,-2.448,-2.6493
0.08843,-0.018457,-1.6904,-2.9357,-2.4823
0.1719,0.36154,-1.6285,-3.2595,-2.5734
0.091853,0.84691,-1.2891,-3.788,-2.6274
0.14013,1.499,-0.96898,-3.728,-2.6731
0.25621,1.804,-0.69254,-3.4953,-2.5377
0.13259,2.5581,-0.2844,-3.0971,-2.4288
0.14115,2.8169,0.087153,-2.5185,-2.1752
0.33358,3.3709,0.45024,-1.7846,-1.7455
0.25885,3.7893,0.60887,-1.3996,-1.1938
0.17941,4.0975,0.72098,-0.41878,-0.78729
0.2265,4.3213,0.99392,0.23654,-0.11536
0.35303,4.6915,1.2473,0.62734,0.086123
0.17371,4.7915,1.473,1.1479,0.27233
0.33617,4.9619,1.4996,1.5983,0.68494
0.22712,4.9465,1.4147,2.0473,0.92905
0.27292,5.2404,1.4583,2.1154,0.9656
0.41258,5.069,1.6216,2.5035,1.2844
0.10541,5.0802,1.5755,2.6388,1.2548
0.15296,5.1626,1.3837,2.7177,1.423
0.37997,4.9934,1.6203,2.9175,1.3789
0.34322,4.8447,1.6734,2.8497,1.4376
0.3387,4.8385,1.6035,3.1243,1.5802
0.32624,4.6842,1.3345,2.9612,1.7475
0.31632,4.5975,1.4233,2.8285,2.0679
0.31127,4.6904,1.396,2.8951,2.0317
0.2782,4.5654,1.3704,2.6263,2.3592
0.48088,4.3501,0.99233,2.5141,2.222
0.46334,4.0846,1.1014,2.4125,2.5608
0.27818,3.7771,1.0917,2.0367,2.5266
0.29291,3.8673,1.0106,1.7876,2.3816
0.46993,3.7302,1.1923,1.4425,2.6078
0.39853,3.5748,0.98055,0.94947,2.6411
0.29472,3.4598,1.0144,0.53375,2.3082
0.28698,3.149,0.74054,0.046418,2.3606
0.59047,3.1347,0.67305,-0.16065,2.3189
0.41741,3.1604,0.87298,-0.70439,1.9678
0.48388,2.9593,0.97257,-1.2181,1.7134
0.32969,2.7266,0.83046,-1.6024,1.4453
0.36091,2.7983,0.98569,-2.2138,0.91696
0.25899,2.6361,1.1751,-2.6246,0.74492
0.41076,2.4467,1.2281,-3.0625,0.38791
0.55356,2.3979,1.6032,-3.3106,-0.14567
0.74917,2.3699,1.8657,-3.6752,-0.43625
1.0955,2.1493,2.0792,-3.5661,-0.58358
1.5811,2.1252,2.2724,-3.7719,-0.74445
1.6762,2.0595,2.107,-3.9131,-1.1082
2.4246,2.3004,2.2641,-4.101,-1.2877
2.7561,2.3675,2.2188,-4.0556,-1.3838
2.795,2.2472,2.1615,-4.0395,-1.2404
2.9713,2.0226,2.0526,-3.9284,-1.2228
3.239,2.0582,1.8769,-3.5236,-0.76356
3.3702,1.8494,1.5754,-3.1952,-0.63527
3.278,1.6112,1.3302,-2.7415,-0.27901
3.1186,1.3577,1.0749,-2.2893,0.12444
3.1067,1.1213,0.67935,-1.7918,0.49097
2.997,0.84074,0.30167,-1.4913,0.73296
2.666,0.61045,-0.0025655,-1.1086,1.1665
2.287,0.25738,-0.41498,-1.0555,1.4389
2.1945,-0.25611,-0.74614,-0.87601,1.6169
1.6837,-0.70041,-1.2314,-0.92033,1.8777
1.4896,-1.1252,-1.7784,-0.85937,2.0957
1.2505,-1.6749,-2.1028,-0.87884,1.9808
0.76957,-1.7717,-2.4152,-0.98531,2.1737
0.77223,-2.3522,-2.6259,-1.3056,2.0464
0.46873,-2.5631,-2.8773,-1.348,2.0747
0.011678,-2.9256,-2.8691,-1.6157,2.2575
-0.1451,-2.9665,-2.9593,-1.7686,1.9936
-0.39808,-3.0323,-3.0312,-1.8137,2.0851
-0.38727,-3.2271,-2.7322,-1.8136,2.0357
-0.75946,-2.8405,-2.5425,-1.9816,2.0972
-0.78899,-2.5056,-2.2893,-2.1484,1.8408
-0.67171,-2.1811,-1.9713,-2.3643,1.9549
-0.7408,-1.8033,-1.6356,-2.338,1.8134
-0.71425,-1.4884,-1.562,-2.5525,1.6268
-0.7998,-1.0785,-1.1769,-2.4783,1.6695
-0.73716,-0.50958,-1.1488,-2.6574,1.5485
-0.89728,-0.13775,-0.91103,-2.6946,1.6824
-0.73795,-0.23198,-0.44145,-2.7101,1.4961
-0.40199,0.22676,-0.43283,-2.7529,1.2988
-0.5705,0.3957,-0.24217,-2.7167,1.2386
-0.51131,0.65765,-0.095187,-2.6604,1.1538
-0.33211,0.74524,-0.03612,-2.8731,0.82807
-0.17866,0.60612,0.032192,-2.7127,0.60998
-0.023815,0.6647,-0.24493,-2.7383,0.2924
-0.072178,0.61333,-0.3473,-2.721,0.10565
-0.095037,0.42663,-0.43305,-2.8325,-0.32573
-0.068654,0.0068413,-0.71445,-2.8169,-0.58379
-0.01065,-0.069243,-1.0152,-2.7889,-0.78649
0.14514,-0.43057,-1.001,-2.8492,-1.221
0.18539,-0.79524,-1.2721,-2.9747,-1.6897
0.028579,-0.87008,-1.6108,-2.8115,-2.0162
0.25887,-1.2826,-1.9435,-2.8027,-2.5142
0.43466,-1.5906,-2.0563,-2.8513,-2.6732
0.45988,-2.2415,-2.118,-2.8715,-2.9064
0.49726,-2.5069,-2.3549,-2.6702,-3.1935
0.14437,-3.1031,-2.7443,-2.7141,-3.1446
0.31961,-3.3102,-2.8895,-2.6686,-3.0446
0.25819,-3.686,-3.0003,-2.6865,-3.1187
0.40015,-4.306,-3.0145,-2.4943,-2.7104
0.15668,-4.4575,-3.2039,-2.6303,-2.3766
0.23853,-4.8549,-3.1997,-2.5544,-2.062
0.23094,-5.1916,-3.321,-2.444,-1.4976
0.002911,-5.5162,-3.1877,-2.3859,-0.92097
0.37686,-5.6125,-3.3445,-2.2318,-0.6467
0.17465,-5.8964,-3.3368,-2.2829,-0.19542
0.25514,-5.9059,-3.2202,-2.2931,0.14074
0.13022,-6.1451,-3.2102,-2.2874,0.43646
0.32819,-5.9978,-3.3619,-1.9885,0.66009
0.20426,-6.0552,-3.3239,-2.1156,0.66002
0.21124,-6.1018,-3.2056,-2.0556,0.56398
0.12886,-6.0923,-2.8233,-2.0742,0.83684
0.33697,-6.0143,-3.0942,-2.0131,0.72062
0.073597,-5.7421,-2.5478,-1.81,0.41581
0.10796,-5.609,-2.8556,-1.722,0.47906
0.16432,-5.3702,-2.6378,-1.5949,0.089759
0.085453,-5.1101,-2.6955,-1.5364,0.031725
0.11007,-5.0296,-2.5187,-1.421,-0.41122
0.21494,-4.8393,-2.5162,-0.94929,-0.40246
0.22954,-4.4593,-2.3053,-0.6411,-0.80391
0.44833,-4.1451,-2.2841,-0.34604,-0.53693
0.44778,-4.2139,-2.2894,0.35475,-0.69508
0.47553,-3.6949,-2.1301,1.0136,-0.91592
0.6927,-3.6555,-2.0337,1.5555,-0.8279
0.67823,-3.4271,-1.7321,2.1085,-0.89188
0.87418,-3.095,-1.8496,2.6505,-0.68935
0.79223,-2.923,-1.9218,2.9147,-0.83385
0.8493,-2.7611,-1.5679,3.2807,-0.78503
0.93342,-2.4562,-1.4883,3.6431,-0.48532
0.76665,-2.6509,-1.4081,3.9412,-0.54679
0.71912,-2.5742,-1.5363,4.1904,-0.52136
0.65021,-2.4356,-1.6015,4.4246,-0.21656
0.6839,-2.1944,-1.4751,4.0624,-0.27261
0.5601,-2.2418,-1.2879,4.2366,-0.35623
0.86523,-2.0738,-1.343,3.9384,-0.32068
0.67146,-2.1835,-1.3548,3.9983,-0.35297
0.93301,-1.9098,-1.12,3.625,-0.18545
1.2625,-2.0412,-1.1514,3.1636,-0.20309
1.3974,-1.6662,-1.0931,3.0977,-0.36432
1.861,-1.5185,-0.90894,2.503,-0.32427
2.2139,-1.3816,-0.54591,2.2743,-0.32591
2.7656,-1.3419,-0.6466,1.7162,-0.43505
3.1965,-0.92181,-0.55763,1.3561,-0.33177
3.4829,-0.66221,-0.2055,0.87613,-0.41007
3.5798,-0.47344,0.096086,0.35971,-0.11678
4.0555,-0.15366,0.15237,0.12374,-0.11642
4.2408,0.21293,0.45549,-0.31661,-0.20382
4.5688,0.38623,0.90077,-0.79426,0.17916
4.6298,0.39248,1.4008,-1.2027,0.20376
4.8624,0.5692,1.8696,-1.463,0.5221
4.8681,0.96899,2.2706,-1.6875,0.59613
4.8766,1.1193,2.5152,-1.7923,1.0447
4.8388,0.97727,3.1212,-1.8783,1.2631
4.8267,1.321,3.1419,-2.0897,1.5631
4.7774,1.5116,3.4704,-1.7723,1.8239
4.6917,1.5029,3.726,-1.8787,2.2397
4.5293,1.5409,3.8195,-1.8169,2.5686
4.4615,1.5885,3.6494,-1.7467,2.446
4.2556,1.3925,4.0707,-1.515,2.7834
4.1431,1.6251,4.1532,-1.6354,2.7846
3.9737,1.3743,4.29,-1.2425,2.7081
3.9919,1.4199,4.1226,-1.1609,2.5708
3.5789,1.5011,4.0094,-0.96637,2.7416
3.5652,1.4557,4.2639,-0.61805,2.4865
3.3714,1.3072,4.294,-0.60493,2.1895
3.091,1.1671,4.0967,-0.21265,2.1142
2.7228,1.2765,4.0934,-0.13071,1.845
2.2998,1.0576,4.1557,0.075591,1.6025
1.9581,1.1306,3.9975,0.17033,1.444
1.5355,0.83734,3.9581,0.10489,0.84788
1.0984,0.25415,3.7489,0.021934,0.56766
0.65071,0.17799,3.6396,0.43538,0.35071
0.14279,-0.019655,3.5214,0.3933,0.066389
-0.5458,-0.33088,3.3755,0.37085,0.16941
-0.962,-0.67854,3.2601,0.28677,-0.17996
-1.3952,-0.69695,3.1767,0.22287,0.055042
-1.8981,-1.2832,3.0962,0.37707,0.10625
-2.1666,-1.459,2.9838,0.33194,0.24854
-2.6342,-1.6874,2.8024,0.34603,0.20492
-2.9653,-1.8521,2.63,0.41537,0.5967
-3.4782,-2.0615,2.6442,0.40297,0.71127
-3.5767,-2.4833,2.6607,0.18973,0.76279
-3.7256,-2.4192,2.4336,0.19417,1.1227
-3.9747,-2.5449,2.4316,0.083925,1.1332
-3.928,-2.7302,2.2389,0.19312,1.3879
-3.9843,-2.8781,2.3391,0.061747,1.5986
-3.6557,-2.906,2.1401,0.12685,1.685
-3.339,-2.8661,1.9245,0.13025,1.8874
-3.0613,-2.9299,2.0275,0.2382,1.9852
-2.145,-2.6282,2.3473,0.21968,2.2293
-1.2796,-2.3788,2.0177,0.27413,2.2875
-0.74028,-2.2028,2.1035,0.16429,2.3489
-0.022014,-1.577,2.1338,0.44522,2.7623
0.55348,-1.4021,2.1254,0.50254,2.513
1.1411,-0.78426,2.2569,0.35333,2.6719
1.6822,-0.42755,2.2691,0.43758,2.7251
2.0469,-0.043168,2.1806,0.49576,2.926
2.5223,0.43017,2.1349,0.79761,2.888
2.5943,0.69568,1.9537,0.96236,2.9476
2.9103,1.0307,1.5942,1.265,2.6946
2.8937,1.3197,1.3687,1.8546,2.6347
3.0209,1.4227,1.2063,2.1241,2.4331
2.7112,1.6759,0.83979,2.3707,2.4579
2.4296,1.537,0.45481,2.597,2.1772
2.2509,1.4937,0.19478,2.8423,1.807
1.8911,1.3353,-0.27827,3.1779,1.5777
1.3481,1.4041,-0.52702,3.5151,1.1985
1.071,1.3104,-1.1323,3.5953,1.1513
0.66136,1.0532,-1.5066,3.4678,0.78692
0.25416,0.82048,-1.8349,3.8572,0.45939
-0.21617,0.40109,-2.3524,3.945,0.095079
-0.65453,0.40279,-2.6031,3.8058,0.1651
-1.1338,0.05484,-3.1984,3.8102,-0.25767
-1.7458,-0.14914,-3.3523,3.9237,-0.5004
-1.9313,-0.34196,-3.6999,3.8373,-0.6678
-2.6986,-0.53329,-3.9016,3.7666,-0.68229
-2.9238,-0.96659,-4.1994,3.8455,-0.99653
-3.0068,-1.0851,-4.1717,3.5827,-1.0847
-3.3833,-1.233,-4.4637,3.7419,-1.1193
-3.8801,-1.4409,-4.5241,3.5709,-1.3407
-3.9106,-1.6174,-4.6734,3.4946,-1.5161
-4.0093,-1.9701,-4.521,3.3395,-1.6455
-3.9873,-1.9259,-4.4305,3.3404,-1.5082
-3.9961,-2.2715,-4.1624,3.1267,-1.5666
-4.0516,-2.0832,-4.2229,3.0151,-1.4371
-3.7805,-2.5194,-4.0648,2.915,-1.4294
-4.0414,-1.9998,-4.1472,2.4674,-1.4257
-3.4991,-2.3856,-3.7981,2.2345,-1.3728
-3.225,-2.2799,-3.4059,1.9662,-1.4712
-2.9194,-2.1455,-3.3735,1.4963,-1.6155
-2.6408,-2.0608,-3.2404,1.3475,-1.437
-2.5601,-2.1581,-3.0988,0.79411,-1.5148
-2.1915,-1.8743,-2.8276,0.016893,-1.5332
-1.8694,-1.9866,-2.925,-0.10165,-1.5264
-1.6989,-1.8,-2.6488,-0.57187,-1.3876
-1.8726,-1.4974,-2.7699,-1.3981,-1.5739
-1.5804,-1.4189,-2.4167,-1.7744,-1.5183
-1.3426,-1.5152,-2.4329,-2.4523,-1.7229
-1.2803,-1.5539,-2.499,-2.9178,-2.0552
-1.2378,-1.3643,-2.2497,-3.4266,-1.8715
-0.99683,-1.1356,-2.3434,-3.782,-2.1431
-1.052,-0.98196,-2.1072,-4.2807,-2.176
-1.2375,-0.88429,-2.2031,-4.4815,-2.4507
-1.0398,-0.80064,-2.2703,-4.8411,-2.307
-1.1643,-0.94897,-1.9831,-5.0259,-2.6182
-1.1811,-0.63776,-2.0984,-5.2252,-2.7609
-1.2453,-0.65865,-1.9139,-5.1576,-2.7502
-1.2281,-0.48948,-2.0474,-5.2075,-2.8706
-1.1046,-0.53675,-1.9686,-5.151,-3.069
-1.312,-0.78657,-2.0087,-5.1743,-2.9186
-1.3628,-0.30563,-2.0287,-4.7904,-2.946
-1.4905,-0.51239,-1.7401,-4.6846,-3.1958
-1.3858,-0.45133,-1.8969,-4.2988,-3.2269
-1.6339,-0.56896,-1.9537,-3.8527,-3.1398
-1.5677,-0.27875,-1.712,-3.3464,-3.1119
-1.4859,-0.26942,-1.7083,-2.5371,-2.7902
-1.5431,-0.42002,-1.7472,-1.8662,-2.5359
-1.3193,-0.42996,-1.6562,-1.0997,-2.5382
-1.3354,-0.4444,-1.5202,-0.19253,-2.2695
-1.4747,-0.28716,-1.5103,0.74669,-1.8388
-1.4719,-0.45811,-1.5949,1.2132,-1.7382
-1.401,-0.12223,-1.513,1.8485,-1.2911
-1.362,-0.43574,-1.3439,2.2551,-0.89835
-1.2366,-0.40659,-1.419,2.8507,-0.53576
-1.2374,-0.10051,-1.5442,3.1549,-0.29003
-1.3507,-0.29547,-1.2885,3.2032,-0.031144
-1.1418,-0.12925,-1.2044,3.4937,0.099789
-1.2189,0.0026205,-1.1251,3.6005,0.5069
-1.2119,-0.11718,-1.0014,3.8359,0.45749
-1.2212,-0.13791,-1.074,3.7608,0.74866
-1.2116,0.12151,-1.0916,3.7732,0.75432
-1.1051,0.060056,-0.89933,3.6663,0.93843
-0.94458,-0.088438,-0.99656,3.9537,1.0705
-0.8362,-0.035805,-0.84757,3.8037,1.1919
-0.92967,0.026696,-0.75394,3.5537,1.3237
-1.0743,0.11228,-1.0658,3.7309,1.3908
-1,0.11492,-0.94984,3.4667,1.5827
-0.8894,0.10041,-0.7843,3.2232,1.4563
-0.84521,-0.062906,-0.77314,3.0626,1.5818
-0.88696,0.30754,-0.75681,2.6146,1.5146
-0.80771,0.23385,-0.63514,2.4266,1.406
-0.80169,-0.035517,-0.54544,2.0386,1.113
-0.89697,0.33308,-0.774,1.4836,0.92261
-0.67676,0.28377,-0.6758,0.79974,0.80519
-0.81315,0.20698,-0.83155,0.53386,0.56658
-0.66154,0.42774,-0.57463,-0.021391,0.27759
-0.78131,0.1969,-0.29188,-0.66988,0.13462
-0.61494,0.39929,-0.41417,-1.1652,-0.095023
-0.48326,0.42098,-0.44676,-1.7791,-0.37168
-0.84221,0.38839,-0.39933,-2.3815,-0.80567
-0.85774,0.23606,-0.25954,-2.8272,-0.79477
-0.6409,0.40552,-0.28875,-3.2775,-0.97116
-0.67785,0.36017,-0.20399,-3.8485,-1.2782
-0.59017,0.48936,-0.20127,-4.2638,-1.5738
-0.49046,0.48856,-0.15184,-4.6328,-1.6063
-0.52214,0.66425,-0.20696,-4.7027,-1.748
-0.6005,0.69206,0.13279,-4.8992,-1.8447
-0.4275,0.47429,-0.12224,-5.1687,-1.9656
-0.48572,0.55955,-0.10294,-5.2893,-2.098
-0.52835,0.52881,-0.047152,-5.0741,-2.2921
-0.53753,0.54933,0.048504,-5.0254,-2.0638
-0.37781,0.64853,0.059453,-5.0421,-2.2978
-0.45398,0.60808,0.04078,-4.836,-1.988
-0.38664,0.6833,0.10645,-4.4816,-2.1017
-0.50088,0.45065,-0.005855,-4.2232,-1.8235
-0.46489,0.60756,0.015083,-4.1761,-1.5011
-0.36764,0.63286,0.19698,-3.8377,-1.0297
-0.42746,0.67922,0.36521,-3.57,-0.66124
-0.40346,0.80793,0.10372,-3.1006,-0.30577
-0.35384,0.72274,0.32512,-3.0008,0.33835
-0.44665,0.71439,0.2315,-2.6829,0.85772
-0.59565,0.70837,0.20704,-2.5663,1.2982
-0.56388,0.83646,0.23662,-2.3715,1.855
-0.077687,0.81436,0.22674,-2.0179,2.1262
-0.37286,0.89753,0.35784,-1.6996,2.304
-0.38909,0.89695,0.34264,-1.6641,2.6516
-0.31499,1.023,0.42072,-1.4368,2.8118
-0.25715,1.2779,0.50783,-1.5271,2.6181
-0.34738,1.2097,0.89104,-1.2849,2.7081
-0.14142,1.5492,0.96737,-1.0368,2.7001
-0.2619,2.0268,1.2453,-1.1651,2.3339
-0.1976,2.584,1.44,-0.84647,2.188
0.11967,2.8276,1.9282,-0.67055,2.0656
-0.28473,3.3678,2.098,-0.26684,1.7307
-0.17026,3.7886,2.6421,-0.66143,1.5624
-0.10476,4.2609,2.9538,-0.3516,1.1366
-0.22932,4.5991,3.411,-0.027406,0.9278
-0.11292,5.0027,3.986,0.092148,0.71344
-0.11038,5.6061,4.3062,0.21576,0.58076
0.023848,5.7708,4.9333,0.40408,0.40487
0.019992,5.7979,5.1989,0.73444,0.23591
-0.074786,6.1009,5.655,0.86448,-0.12877
-0.037168,6.1732,5.7745,0.94848,-0.045959
-0.023744,6.2162,6.0801,0.97318,-0.42159
-0.1337,6.4086,6.299,1.3435,-0.30558
-0.10924,6.6,6.3161,1.2725,-0.54328
0.17869,6.4945,6.5519,1.5186,-0.5139
0.08947,6.3479,6.4538,1.522,-0.37041
0.35734,6.438,6.5582,1.6857,-0.611
0.37312,6.4219,6.6557,1.6327,-0.39264
0.61656,6.386,6.65,1.6002,-0.17688
0.58282,6.159,6.5991,1.5774,-0.048755
0.95624,5.9674,6.3687,1.4605,0.38471
0.80702,5.7312,6.2418,1.8093,0.54186
0.79164,5.5184,6.1555,1.7288,0.93838
0.69192,5.3811,5.9993,1.8356,1.2662
0.67098,5.1897,5.8612,1.5137,1.9066
0.60921,4.7621,5.6642,1.6273,2.2647
0.77783,4.4255,5.4928,1.5409,2.6424
0.76553,4.0969,4.9911,1.2666,2.966
0.58851,3.5164,4.8534,1.1879,3.3889
0.73915,3.1418,4.6029,1.3182,3.375
0.42955,2.8077,4.4264,1.0179,3.6016
0.41203,2.2543,4.3218,1.0379,4.0092
0.31278,1.8585,3.9884,0.88417,3.9008
0.12911,1.3317,3.2929,0.64487,3.956
0.16711,0.66658,3.2578,0.20669,3.8615
-0.12064,0.10749,2.6735,0.14478,4.0765
0.088871,-0.38944,2.4309,0.052963,4.1841
0.00057221,-0.91967,1.7498,-0.37669,4.1699
-0.032148,-1.4315,1.496,-0.3551,4.0153
-0.006457,-1.6666,0.94876,-0.57132,3.8824
-0.093965,-2.3581,0.44726,-0.85278,3.8297
-0.21825,-2.7122,0.091055,-0.76795,3.6675
-0.10269,-2.9447,-0.53888,-1.0624,3.5775
-0.40532,-3.2802,-0.95947,-1.0688,3.2143
0.033143,-3.6233,-1.4847,-1.3878,3.1666
-0.10447,-3.7661,-1.6294,-1.2866,2.5294
-0.046712,-3.9441,-1.7416,-1.3397,2.4584
-0.13334,-3.7741,-1.9966,-1.5279,1.8085
0.071679,-3.7192,-2.0004,-1.3686,1.3921
-0.26366,-3.7051,-1.6026,-1.0224,1.0826
0.015084,-3.6741,-1.3866,-1.1384,0.7345
-0.02511,-3.5905,-0.99169,-0.83202,0.39734
0.040585,-3.3455,-0.49082,-0.73799,0.054079
0.15825,-3.1048,0.0058768,-0.42067,-0.21698
-0.021013,-2.9402,0.21745,-0.37009,-0.66186
0.078714,-2.384,0.81425,-0.25951,-0.8752
0.21662,-2.3737,1.0285,-0.016965,-1.2453
0.054054,-2.1198,1.5006,0.16496,-1.453
0.038099,-1.6601,1.6113,0.34317,-1.6653
0.30684,-1.7535,1.7932,0.52468,-1.9772
0.063957,-1.3444,1.9679,0.43637,-1.8498
0.18659,-1.332,1.6722,0.50203,-2.0836
0.1932,-1.1837,1.6562,0.52618,-2.3093
0.30832,-0.93675,1.3547,0.46958,-2.2887
0.31858,-0.679,1.3,0.46736,-2.2715
0.39167,-0.89037,1.0287,0.62045,-2.2169
0.30636,-0.32405,0.74062,0.65909,-2.3144
0.28494,-0.63298,0.4475,1.1112,-2.3993
0.34039,-0.24773,0.091686,1.2425,-1.9372
0.17089,-0.37148,-0.34892,1.7156,-1.6526
0.34689,-0.41717,-0.31414,2.1913,-1.4254
0.18615,-0.24285,-0.79373,2.6972,-1.3577
0.36004,-0.21461,-1.0455,3.1078,-0.87726
0.23154,-0.25202,-1.2915,3.3749,-0.41741
0.12176,-0.062059,-1.7814,3.5979,-0.26925
0.42986,-0.13724,-1.9433,3.9073,0.18832
0.29105,-0.27902,-2.3168,4.1435,0.3246
0.18905,-0.18589,-2.5573,4.3098,0.63675
0.22287,-0.25377,-2.5607,4.5408,0.98754
0.2572,-0.17122,-2.9321,4.5447,1.1998
0.27904,-0.092024,-2.7023,4.5001,1.4592
0.32825,0.015024,-3.0846,4.6543,1.4947
0.41519,-0.32873,-3.1642,4.7195,1.6601
0.28414,-0.28355,-3.0168,4.5526,1.7179
0.32682,-0.28757,-2.8564,4.5633,1.7456
0.28661,-0.36036,-3.2416,4.7123,1.747
0.3085,-0.094893,-3.0289,4.6369,1.7584
0.37159,-0.35838,-2.9373,4.5172,1.8253
0.4003,-0.10642,-2.8093,4.3121,1.6171
0.17185,-0.37831,-2.8188,4.3189,1.7657
0.33733,-0.35845,-2.7631,4.2487,1.7124
0.34431,-0.31123,-2.6871,4.0423,1.6279
0.37136,-0.40154,-2.6376,3.805,1.7601
0.2671,-0.21056,-2.499,3.7208,1.8361
0.27849,-0.29727,-2.2471,3.8749,1.6297
0.29849,-0.31787,-2.1455,3.7016,1.6356
0.48903,-0.17643,-2.3144,3.4964,1.4233
0.4367,-0.14986,-2.3549,3.4698,1.5265
0.74615,-0.049395,-1.8401,3.3479,1.3532
1.1241,0.0066502,-1.9094,2.8444,1.3433
1.7132,0.1173,-1.6722,2.8046,1.5554
1.8197,0.56421,-1.4765,2.3378,1.4893
2.4815,0.43258,-1.1905,2.0373,1.4371
2.8754,0.75236,-0.92159,1.5676,1.5166
3.3016,1.0474,-0.72356,1.4137,1.5466
3.7842,1.4339,-0.63167,1.2884,1.2034
3.9881,1.4746,-0.49013,1.0745,1.4843
4.4331,1.9728,-0.30914,0.80784,1.5991
4.7334,2.1544,-0.052452,0.89156,1.8574
4.8864,2.4716,0.17862,0.86279,1.7175
5.0402,2.6518,0.041418,0.93727,1.7936
4.9585,2.8541,0.33075,0.96036,2.1622
4.9631,2.8943,0.56613,0.71028,1.9047
4.9213,3.1198,0.48667,0.50911,2.1929
5.0422,3.197,0.56065,0.32601,2.0104
4.9843,3.2228,0.62211,0.12566,2.0276
4.823,3.3708,0.50881,-0.01626,1.9366
4.9045,3.4415,0.64845,-0.26359,1.9871
4.6006,3.2349,0.63361,-0.70989,1.8348
4.2471,3.1094,0.74659,-0.85768,1.6595
4.0391,3.2727,0.56913,-1.3726,1.2402
3.6693,3.0282,0.67397,-1.4924,1.0716
3.3468,2.9671,0.22244,-1.9155,0.71259
2.9914,2.56,0.25654,-2.2215,0.46082
2.4056,2.5249,0.071106,-2.4402,0.1137
1.5982,2.3429,0.040037,-2.8244,0.013835
1.1831,2.103,-0.3009,-3.1568,-0.31352
0.74113,1.7711,-0.3727,-3.2465,-0.78511
0.23904,1.5953,-0.60656,-3.5366,-1.1845
-0.2163,1.1932,-0.55153,-3.779,-1.3808
-0.85073,0.78472,-0.60386,-3.9342,-1.5853
-1.2544,0.44111,-0.6738,-4.0154,-1.8542
-1.6332,0.22657,-1.0993,-4.0429,-2.2684
-2.0758,-0.064623,-0.99813,-4.2655,-2.27
-2.3513,-0.38049,-1.0624,-4.2373,-2.5068
-2.9153,-0.67247,-1.2535,-4.4091,-2.8392
-3.2731,-0.78173,-1.3959,-4.2324,-3.046
-3.262,-1.1064,-1.4657,-4.1617,-2.7892
-3.4517,-1.2303,-1.3707,-4.0815,-3.0528
-3.4176,-1.4042,-1.3497,-3.8991,-3.003
-3.3628,-1.5404,-1.2694,-3.7913,-3.0555
-3.3753,-1.6547,-1.4121,-3.4899,-3.0716
-2.9674,-1.9531,-1.4019,-3.3746,-3.0367
-3.0058,-2.0019,-1.3804,-3.2559,-3.0556
-2.9057,-2.0068,-1.4032,-2.8898,-2.9917
-2.4669,-1.7217,-1.2022,-2.9871,-2.898
-2.3253,-1.611,-1.361,-2.9085,-2.6439
-2.3056,-1.7516,-1.3066,-2.7875,-2.554
-1.8286,-1.8634,-1.1832,-2.4491,-2.4929
-1.5512,-1.6734,-1.0864,-2.5002,-2.4157
-1.4755,-1.6028,-1.1857,-2.4371,-2.4261
-1.117,-1.5619,-1.0871,-2.1902,-2.1601
-1.0519,-1.3563,-0.99405,-2.0312,-1.9894
-0.85799,-1.1834,-0.802,-1.9735,-1.9785
-0.77705,-0.77331,-0.52861,-1.7695,-2.0683
-0.78931,-0.48098,-0.48345,-1.5155,-1.674
-0.7229,0.0061505,-0.0059031,-1.5843,-1.6607
-0.58617,0.43747,0.13437,-1.5057,-1.6587
-0.45751,1.1039,0.22291,-1.3279,-1.5392
-0.63585,1.6439,0.93565,-1.2176,-1.3615
-0.42944,2.0641,1.12,-1.2778,-1.3165
-0.46072,2.6103,1.4028,-1.0618,-1.3438
-0.3499,2.9427,1.8456,-0.7758,-1.1061
-0.54934,3.4004,1.9635,-0.63904,-1.3039
-0.52447,3.8049,2.1515,-0.71178,-1.044
-0.51689,3.9895,2.4019,-0.72543,-0.87839
-0.5427,4.3511,2.3127,-0.39147,-1.0195
-0.79396,4.1852,2.3306,-0.57821,-0.93086
-0.51751,4.3193,2.3293,-0.49382,-0.81991
-0.61673,4.3992,2.1969,-0.32682,-0.78736
-0.61421,4.0573,2.1861,-0.37696,-0.70739
-0.59722,4.0091,2.1556,-0.60768,-0.65132
-0.69972,3.8056,1.6511,-0.56011,-0.6523
-0.62005,3.6673,1.565,-0.40871,-0.71495
-0.84497,3.4698,1.5696,-0.57548,-0.53967
-0.69153,3.1531,1.1907,-0.6597,-0.72478
-0.57258,2.7057,1.1423,-0.7611,-0.68587
-0.69167,2.3851,0.8495,-0.91566,-0.71825
-0.66814,2.1369,0.7538,-0.8577,-0.78646
-0.62916,1.44,0.43392,-0.5401,-0.55325
-0.66605,1.2034,0.59908,-0.48819,-0.36468
-0.78895,0.75483,0.46013,-0.13171,-0.46077
-0.57234,0.32132,0.255,0.21671,-0.47226
-0.66565,-0.16226,0.48291,0.25079,-0.16036
-0.62137,-0.52036,0.39661,0.77962,-0.24614
-0.58721,-1.0026,0.32677,0.98115,0.1176
-0.61876,-1.3987,0.38879,0.88976,0.19985
-0.68265,-1.7923,0.52471,0.86863,0.27462
-0.58941,-1.9235,0.55923,0.93843,0.18833
-0.51393,-2.4557,0.4782,1.1541,0.40904
-0.44117,-2.4472,0.62183,0.76901,0.19382
-0.49939,-2.8137,0.45778,0.94653,0.39947
-0.30591,-3.2339,0.39404,0.68674,0.34815
-0.43115,-3.1267,0.32794,0.52807,0.60066
-0.51789,-3.3082,0.33713,0.60101,0.42555
-0.48381,-3.2972,0.52916,0.54823,0.5109
-0.33822,-3.0401,0.66592,0.13995,0.4365
-0.41017,-3.1299,1.1202,0.27801,0.48119
-0.42037,-2.6161,1.6259,0.27119,0.67928
-0.30045,-2.4384,1.9414,0.34835,0.73631
-0.32337,-2.0237,2.344,0.29716,0.78454
-0.31075,-1.355,2.8447,0.34202,0.83881
-0.36016,-0.71087,3.3497,0.30539,0.65503
-0.4158,0.036213,3.6794,0.5585,0.60339
-0.371,0.79787,3.7526,0.52795,0.56803
-0.38873,1.2685,4.3187,0.75796,0.81288
-0.095178,1.7766,4.5984,0.71253,0.62664
-0.30369,2.5061,4.659,0.98553,0.83093
-0.31826,2.7423,4.8239,1.0448,0.8809
-0.23612,3.2495,4.7241,0.92891,0.61449
-0.2144,3.4787,4.8642,1.1829,0.80283
-0.2972,3.9105,5.0124,0.91411,0.48711
-0.1972,4.0781,4.8189,1.3116,0.63165
-0.29074,4.0664,4.7291,1.0648,0.5674
-0.11252,4.3903,4.3267,1.2026,0.38865
-0.33502,4.2813,4.1392,1.284,0.49715
-0.2979,4.2008,4.129,0.93131,0.45643
-0.30547,4.4494,3.7596,0.95828,0.44245
-0.058847,4.413,3.544,0.58465,0.34365
-0.20078,4.3007,3.1576,0.57438,0.19052
-0.41234,4.2942,2.8465,0.41118,0.39168
-0.090688,4.0965,2.4284,0.5313,0.17983
-0.2225,3.9084,2.6289,0.25385,0.13507
-0.10975,3.8875,2.298,0.19268,0.04864
-0.17855,3.7863,2.3763,0.37613,0.31033
-0.026719,3.5197,2.2542,0.31345,0.38478
-0.078933,3.5436,2.1651,0.29372,0.78781
-0.22645,3.364,2.1625,0.3802,0.97217
-0.2542,3.0328,1.9969,0.23164,1.3985
-0.15521,2.9648,1.8785,0.50519,1.842
-0.092468,2.7608,1.4985,0.62503,2.0385
-0.040619,2.7751,1.3339,0.84312,2.5413
0.014326,2.3386,1.1837,1.1612,2.7275
-0.27197,1.8921,0.89084,1.6313,3.0996
-0.15678,1.6377,0.29243,2.0222,3.8688
-0.016605,1.3621,0.25759,2.2832,3.7544
0.15811,0.91591,-0.25899,2.6029,4.1308
-0.25467,0.48843,-0.73613,2.8554,4.5311
0.0098152,0.048168,-1.0466,3.2148,4.5789
-0.057307,-0.55167,-1.365,3.5531,4.9546
-0.16513,-1.1975,-1.5976,3.839,5.0201
-0.073863,-1.4101,-2.0624,3.9253,4.8037
-0.21897,-1.9394,-2.4414,3.9129,5.2998
-0.10714,-2.467,-2.8279,4.1453,5.1839
0.22915,-2.7537,-2.8826,4.1904,5.0425
0.27549,-2.9664,-3.1149,4.1477,4.9362
0.29951,-3.4145,-3.1501,4.1922,4.8782
0.8811,-3.5703,-3.1859,4.2463,4.7401
0.97454,-3.5267,-3.1737,4.1026,4.4772
1.379,-3.4773,-2.9853,4.1324,4.1663
1.7848,-2.9769,-2.6878,4.2151,4.3532
2.3085,-2.3836,-2.3524,4.1973,3.9845
2.6872,-1.7966,-1.7982,4.0086,3.6656
3.1832,-1.0558,-1.4219,4.061,3.5096
3.5782,-0.42938,-0.85398,3.6765,3.4565
4.0071,0.076211,-0.6015,3.893,3.2336
4.0279,0.97017,-0.16438,3.5715,2.9087
4.3326,1.2479,0.48194,3.5655,2.7417
4.532,1.6539,0.34838,3.3529,2.4877
4.7088,2.1196,0.68356,3.1619,2.6143
4.7143,2.5976,0.8555,2.7637,2.2378
4.8661,2.7956,1.028,2.4433,2.1978
4.7409,3.037,1.2589,2.0633,1.9863
4.7259,3.0441,1.386,1.8068,1.5388
4.8503,3.0717,1.4323,1.1673,1.409
4.7648,3.1539,1.5053,0.90901,1.3794
4.6253,3.2941,1.4095,0.34371,1.0484
4.6557,3.3207,1.5228,-0.10952,0.96734
4.3422,3.1535,1.6003,-0.27796,0.59231
4.276,3.0697,1.5346,-0.77847,0.3716
4.0307,2.9797,1.3366,-1.3573,0.30921
3.6971,2.8563,1.5396,-1.7534,0.18991
3.8498,2.8115,1.3747,-2.0522,0.041232
3.5686,2.8078,1.3323,-2.6194,-0.083771
3.4897,2.5791,1.1644,-2.793,-0.42324
3.4009,2.556,1.3283,-3.1033,-0.4588
3.2511,2.3476,0.95908,-3.2237,-0.50001
3.0151,2.1177,1.095,-3.5285,-0.427
2.986,2.1852,0.99818,-3.3862,-0.55612
2.6452,1.8659,0.83828,-3.5202,-0.57638
2.2794,1.8932,0.76034,-3.1903,-0.72499
2.1802,1.7024,0.7816,-2.8299,-0.4824
1.7339,1.4288,0.61903,-2.4038,-0.83426
1.4515,1.1844,0.44209,-2.0039,-0.60485
0.98486,0.92525,0.4242,-1.1618,-0.8338
0.4043,0.93331,-0.021001,-0.56832,-0.61273
0.11084,0.70345,0.23157,-0.096437,-0.69838
-0.34249,0.50711,0.064472,0.46025,-0.82283
-0.77047,0.2055,-0.062503,1.1393,-0.60843
-1.1796,0.51514,-0.38855,1.5143,-0.6765
-1.6887,-0.15748,-0.39656,1.4545,-0.78698
-2.19,-0.0578,-0.45327,1.6889,-0.63166
-2.6301,-0.36715,-0.65113,1.6724,-0.8348
-3.1219,-0.53721,-0.69022,1.5896,-0.80883
-3.09,-0.77505,-1.0238,1.4996,-0.96004
-3.1915,-0.87871,-1.2667,1.5064,-1.0705
-3.0271,-1.0299,-1.1485,1.0185,-1.1957
-2.9221,-1.2959,-1.1597,0.81453,-1.2468
-2.3858,-1.3992,-1.3676,0.51071,-1.1282
-1.861,-1.6407,-1.4758,0.30808,-1.2844
-1.419,-1.7857,-1.7189,0.10779,-1.2891
-0.77596,-2.2806,-1.6711,-0.59004,-1.3006
-0.14924,-2.6373,-1.8623,-0.7183,-1.1491
0.32881,-2.4931,-1.9934,-1.2846,-1.2907
0.84669,-2.7866,-2.213,-1.4866,-1.2916
1.4092,-3.2449,-2.384,-2.0538,-1.0209
1.7394,-3.0841,-2.36,-2.3847,-1.2164
1.8867,-3.2701,-2.4565,-2.7666,-0.86126
2.2727,-3.4612,-2.5576,-3.0435,-1.0887
2.2941,-3.3661,-2.4852,-3.2642,-0.8981
2.3862,-3.6522,-2.7512,-3.5571,-0.91601
2.4697,-3.7187,-2.6314,-3.7558,-0.91303
2.387,-3.7288,-2.8266,-3.8922,-0.93812
2.2777,-3.8845,-2.5158,-3.9452,-0.87064
2.2296,-3.9079,-2.8727,-3.9555,-0.97272
1.9833,-3.805,-2.8044,-4.0286,-0.96728
1.6901,-4.0226,-2.832,-4.268,-1.1687
1.1429,-4.081,-2.8279,-4.3326,-1.0836
0.94896,-4.1888,-2.8714,-4.0214,-1.4528
0.76593,-4.0864,-3.2291,-4.1562,-1.4513
-0.013545,-4.3133,-3.1166,-3.9064,-1.6616
-0.44363,-4.4511,-3.2122,-3.7012,-1.8007
-0.82456,-4.591,-3.2561,-3.5552,-2.0247
-1.2045,-4.9003,-3.1368,-3.6,-2.3255
-1.8408,-5.016,-3.4419,-3.2447,-2.4291
-2.2763,-5.2553,-3.4368,-3.2521,-2.5461
-2.6337,-5.1907,-3.6293,-3.2582,-2.9043
-3.3969,-5.25,-3.6425,-2.851,-2.8924
-3.6611,-5.4998,-3.4954,-3.026,-3.1026
-3.9946,-5.6435,-3.65,-2.8433,-3.1411
-4.3328,-5.61,-3.7546,-2.5689,-3.3261
-4.5582,-5.7012,-3.7044,-2.6164,-3.4367
-4.8297,-5.7951,-3.5279,-2.2751,-3.5261
-5.1352,-6.0503,-3.6092,-2.3543,-3.6529
-4.9614,-5.7115,-3.4593,-2.4122,-3.5774
-5.025,-5.8433,-3.7134,-2.1294,-3.5966
-4.9871,-5.7658,-3.5857,-2.1509,-3.5952
-4.8543,-5.8509,-3.5699,-2.1759,-3.5412
-4.712,-5.9135,-3.3444,-1.9432,-3.4922
-4.616,-5.6707,-3.4959,-1.5481,-3.5125
-4.281,-5.3879,-3.3757,-1.3074,-3.336
-4.1498,-5.4923,-3.3591,-0.93889,-3.1103
-3.7884,-5.3537,-3.0596,-0.25483,-3.0705
-3.56,-5.2579,-3.0564,0.31676,-2.7557
-3.179,-5.2391,-2.9821,0.97864,-2.3692
-2.9972,-5.0544,-2.9457,1.4361,-2.0021
-3.0152,-5.1189,-2.9852,1.7402,-1.8863
-2.5755,-4.7131,-2.5463,2.2813,-1.4388
-2.3002,-4.6515,-2.5389,2.4692,-1.3178
-2.4653,-4.6252,-2.0524,2.6037,-0.98421
-2.2257,-4.587,-1.7462,2.5371,-0.86399
-2.0597,-4.25,-1.3845,2.476,-0.77388
-1.9427,-4.2,-0.89892,2.5193,-0.78121
-1.9262,-4.0803,-0.37723,2.1352,-0.75909
-2.0647,-3.8835,-0.20216,2.1114,-0.59234
-1.8403,-3.7837,-0.031997,1.8696,-0.87278
-1.8054,-3.7813,0.27561,1.6285,-0.75741
-1.6859,-3.5076,0.061733,1.3383,-0.84371
-1.6277,-3.5909,0.17895,0.93948,-1.0417
-1.6636,-3.4487,0.22372,0.65121,-1.0715
-1.693,-3.2839,0.30378,0.42868,-1.0138
-1.5605,-3.2019,0.015804,0.29654,-1.0787
-1.593,-3.4082,0.042768,-0.10068,-1.2822
-1.5465,-3.2271,-0.25604,-0.2783,-1.4661
-1.5254,-3.2255,-0.28168,-0.5365,-1.3301
-1.896,-3.1262,-0.49799,-0.76745,-1.5089
-1.6391,-2.8799,-0.60776,-1.0548,-1.7008
-1.6217,-2.6529,-0.91251,-1.2054,-1.7938
-1.7419,-2.563,-1.0107,-1.4988,-1.793
-1.4569,-2.2157,-0.88723,-1.7349,-2.0231
-1.6011,-1.7215,-0.73289,-1.726,-1.9199
-1.6537,-1.147,-0.51897,-1.9135,-1.8783
-1.8109,-0.712,-0.40714,-2.0013,-2.1028
-1.7575,-0.25274,-0.47813,-2.0709,-1.9434
-1.7037,0.18787,-0.23557,-1.9339,-1.909
-1.4039,0.7018,-0.10768,-1.8407,-1.792
-1.7757,1.1018,0.023875,-2.0555,-1.6261
-1.6323,1.2099,0.032044,-2.0421,-1.8933
-1.5176,1.2431,-0.003007,-1.7449,-1.7357
-1.4905,1.6824,0.013175,-2.0652,-1.758
-1.5567,1.4859,0.06674,-1.894,-1.6683
-1.1301,1.661,-0.010245,-1.8318,-1.5515
-1.1513,1.5487,-0.072796,-1.724,-1.1994
-1.2586,1.5686,-0.0835,-1.47,-0.77424
-1.3174,1.5877,-0.13913,-1.0826,-0.32509
-1.0548,1.4907,-0.012871,-0.71375,0.1369
-1.214,1.3718,-0.23201,-0.093925,0.74282
-1.3315,1.1642,-0.077892,0.3149,1.3189
-1.2167,0.8894,-0.26279,0.86909,1.7777
-1.2403,1.0254,-0.44161,1.0605,2.1653
-1.0972,0.78627,-0.36807,1.29,2.603
-0.93279,0.43228,-0.58716,1.6004,2.915
-1.0691,0.26719,-0.5706,1.3252,3.1232
-0.95824,0.19686,-0.73129,1.2427,3.3122
-0.964,-0.25599,-0.85068,1.1926,3.5603
-0.99042,-0.65002,-0.87342,1.0512,3.5296
-0.87069,-0.62885,-1.1206,1.0214,3.5448
-0.89931,-1.0728,-1.1761,0.94257,3.4889
-0.89181,-1.2056,-1.3351,0.44116,3.7655
-0.93264,-1.6835,-1.6866,0.33697,3.5906
-0.87713,-1.7098,-1.6411,0.062828,3.5545
-0.78368,-2.064,-1.6931,-0.035819,3.4162
-0.7227,-2.5239,-1.6045,-0.48439,3.3621
-0.82837,-2.2475,-1.7437,-0.32084,3.2504
-0.76033,-2.2795,-1.3705,-0.79021,3.192
-0.66291,-2.2816,-1.3752,-0.86668,3.0478
-0.41445,-2.0131,-1.0687,-0.93339,2.8987
-0.43051,-1.872,-0.74223,-1.0786,2.8478
0.026566,-1.1654,-0.53079,-1.2977,2.6476
0.39963,-0.59257,-0.1355,-1.1749,2.47
0.93024,-0.082834,0.36535,-1.0167,2.3778
1.139,0.66001,0.7033,-1.1677,2.1069
1.7736,1.2203,1.2619,-1.0606,1.8688
2.0678,2.035,1.5326,-0.98664,1.7468
2.7039,2.3386,1.8161,-0.71593,1.5139
3.106,2.9269,2.2314,-0.73074,1.4334
3.3128,3.4654,2.6043,-0.7361,1.4422
3.7941,3.7906,2.659,-0.53649,0.80154
4.0076,4.1669,2.9166,-0.4817,0.69213
4.2183,4.3501,3.3178,-0.28461,0.6226
4.2613,4.3419,3.504,-0.049619,0.53404
4.3471,4.5823,3.6713,0.013862,0.44684
4.3059,4.405,3.8312,0.25295,0.21699
4.4192,4.26,3.9677,0.23742,0.19561
4.3432,4.2161,4.1718,0.8679,0.070207
4.1786,4.1759,3.8815,0.79298,-0.030918
3.9412,3.7261,4.0622,0.8599,-0.13083
3.6767,3.5384,4.0121,0.81681,-0.33009
3.522,3.184,3.9861,0.78653,-0.52715
3.1401,2.8289,4.0031,1.0163,-0.85111
2.6883,2.4642,3.9821,0.75574,-1.1292
2.0847,1.8221,3.7831,0.91446,-1.0152
1.6476,1.5379,3.6901,0.9243,-1.3222
1.2516,0.98221,3.6748,0.93794,-1.3044
0.67283,0.41069,3.3921,1.087,-1.8385
0.25825,-0.25175,3.3051,0.91559,-1.8731
-0.35621,-0.54484,3.2427,0.78729,-1.9283
-0.84799,-0.96121,3.0329,0.81854,-1.997
-1.4001,-1.3921,3.0085,0.76431,-2.4123
-1.7393,-2.0004,2.7463,0.53915,-2.6232
-2.3347,-2.4899,2.4532,0.69071,-2.6308
-2.5373,-3.0592,2.2499,0.59688,-2.7969
-2.7825,-3.5439,1.9323,0.20524,-2.6747
-3.1663,-4.0255,1.3968,0.17806,-3.0348
-3.4446,-4.3578,1.1134,-0.083592,-3.0855
-3.5515,-4.3951,0.70348,-0.13484,-3.2128
-3.5406,-4.9216,0.25302,-0.37659,-3.2104
-3.5161,-5.076,-0.1293,-0.45596,-3.2349
-3.5365,-5.1489,-0.53083,-0.71274,-3.255
-3.3681,-5.2282,-1.0067,-0.76317,-3.3041
-2.8639,-5.1314,-1.464,-0.96448,-3.2804
-2.9328,-5.1905,-1.6647,-0.96004,-3.4303
-2.5573,-5.0631,-1.9109,-1.107,-3.2075
-2.4204,-4.8325,-2.0362,-0.9023,-3.2513
-1.8787,-4.5091,-2.1615,-1.1241,-3.0159
-1.5531,-4.3006,-2.0408,-0.99043,-3.0305
-0.84854,-3.7771,-1.7232,-1.0389,-2.7091
-0.53112,-3.4635,-1.4463,-1.0842,-2.4745
-0.11142,-3.0047,-1.2011,-0.70227,-2.1072
0.32707,-2.6033,-0.66342,-0.69668,-1.6706
0.53392,-2.2909,-0.18968,-0.53491,-1.4638
0.76382,-1.8435,0.156,-0.16405,-0.76268
0.94526,-1.4746,0.66431,-0.02665,-0.34154
1.118,-0.87381,0.76228,-0.1372,-0.10062
1.1759,-0.93088,1.2291,0.39254,-0.15045
0.96764,-0.59587,1.5208,0.4685,0.28719
0.94,-0.35652,2.1085,0.54396,0.33539
0.85136,-0.352,1.9315,0.67491,0.27289
0.69911,-0.06636,1.9907,0.83001,0.40957
0.46921,-0.053291,2.144,0.74706,0.12129
0.49361,-0.01016,2.2305,1.014,0.15984
0.28928,-0.097926,2.0157,0.97531,-0.029635
0.083224,-0.17036,1.9394,1.1363,-0.039237
-0.21572,-0.10037,1.7752,1.0281,-0.22261
-0.34251,-0.082934,1.4685,1.1681,-0.51409
-0.58355,-0.21565,1.2607,1.196,-0.57478
-0.67022,-0.1611,0.83521,1.2336,-0.7671
-0.83301,-0.28841,0.65629,1.4342,-0.77879
-0.89552,-0.3006,0.29877,1.8297,-1.1071
-1.1057,-0.1045,0.038619,1.7314,-1.0392
-1.1337,-0.45177,-0.6414,1.9773,-1.0803
-1.2819,-0.35217,-1.0263,2.2492,-0.89049
-1.0919,-0.4667,-1.2235,2.5912,-0.91329
-1.0833,-0.70065,-1.6521,2.769,-0.71451
-1.1124,-0.59696,-2.0404,3.045,-0.91363
-1.013,-0.68411,-2.2269,3.5608,-0.59943
-0.97215,-0.5461,-2.4225,3.4638,-0.45268
-0.67483,-0.26156,-2.875,3.9146,-0.31497
-0.67389,-0.35026,-2.8635,4.0044,0.017967
-0.58284,-0.28595,-3.2055,3.9886,0.064724
-0.35678,-0.43051,-3.5732,4.18,0.18449
-0.2276,-0.37758,-3.3258,4.0859,0.27504
-0.17185,-0.43212,-3.4004,4.2752,0.40179
-0.19043,-0.35658,-3.6085,4.3733,0.62963
-0.1584,-0.22643,-3.5885,4.1773,0.7029
-0.24752,-0.35293,-3.71,4.1794,0.48936
-0.26996,-0.040559,-3.8111,3.7867,0.66831
-0.29311,-0.16188,-3.6463,3.8016,0.40559
-0.019893,-0.1639,-3.4992,3.2956,0.35012
-0.27571,-0.20227,-3.2965,3.1035,0.21127
-0.093729,-0.22733,-3.4127,2.6696,0.39189
-0.24836,-0.13157,-3.3647,2.0984,0.19693
-0.30184,-0.078842,-3.24,1.6864,-0.085758
-0.37111,-0.14794,-3.0669,1.3735,-0.39702
-0.32446,0.053132,-2.9522,0.68978,-0.71045
-0.18745,0.062121,-2.7668,0.21629,-0.84132
-0.46468,0.046839,-2.6276,-0.44258,-1.1089
-0.3445,0.17716,-2.5693,-0.97555,-1.1406
-0.17467,0.25791,-2.3657,-1.5454,-1.6348
-0.51235,0.19103,-2.2738,-1.9176,-1.6872
-0.54035,-0.083242,-2.2769,-2.3719,-1.8778
-0.63011,0.057188,-2.1333,-2.8239,-1.865
-0.52257,0.06564,-2.0675,-3.4057,-2.121
-0.44725,0.23429,-2.0815,-3.5204,-2.2256
-0.53973,0.35397,-1.973,-3.902,-2.454
-0.37702,0.18159,-2.0116,-4.0574,-2.3334
-0.42813,0.27987,-1.8475,-4.1223,-2.4719
-0.37383,0.2589,-1.7137,-4.32,-2.7422
-0.30169,0.42579,-1.7036,-4.2532,-2.3752
-0.30552,0.22429,-1.6053,-4.2357,-2.577
-0.45192,0.32771,-1.5054,-4.0491,-2.6499
-0.2376,0.30778,-1.641,-3.9558,-2.4855
-0.28005,0.47061,-1.6032,-3.7575,-2.3823
-0.35227,0.48726,-1.4809,-3.6549,-2.0903
-0.12119,0.55614,-1.5097,-3.3009,-1.8177
-0.23245,0.42269,-1.2394,-3.0459,-1.4454
-0.15649,0.64326,-1.2871,-2.4981,-1.1645
-0.30731,0.64003,-1.1852,-2.0328,-0.73622
-0.10901,0.59947,-1.0586,-1.4019,-0.34562
0.0072393,0.59598,-1.1008,-0.54959,0.24121
-0.021119,0.78096,-0.89649,0.056503,0.63638
0.01716,0.77858,-0.75747,0.72348,0.87463
-0.024485,0.78635,-0.75596,1.1876,1.1863
-0.011231,0.69524,-0.47766,1.5811,1.2684
-0.06176,0.86421,-0.37329,1.9064,1.3937
0.057164,0.80506,-0.34562,1.9306,1.3963
0.21413,0.94856,-0.0023671,1.964,1.6559
0.13633,0.80179,0.14929,1.9324,1.3003
0.028133,0.959,0.523,2.0051,1.3263
-0.064429,0.88532,0.66456,1.8742,1.1536
0.1383,0.92617,1.3349,1.8453,1.0704
0.10431,0.9173,1.3786,1.6517,0.99365
0.096206,1.1489,1.9619,1.5011,0.76328
0.11137,1.4724,2.415,1.3467,0.81659
0.12706,1.2044,2.6049,1.2676,0.35642
0.21741,1.3833,3.2007,0.99175,0.40181
0.1257,1.5675,3.2052,0.82446,0.063027
0.20854,1.531,3.2574,0.54703,-0.13003
0.17942,1.5257,3.2997,0.2899,-0.062676
0.1464,1.4339,2.9614,0.14234,-0.36724
0.22063,1.6964,2.8425,0.067189,-0.6081
0.17348,1.5505,2.7593,-0.33332,-0.86541
0.24177,1.6142,2.9713,-0.31953,-0.81578
0.1149,1.4508,2.8603,-0.56936,-0.99639
0.17733,1.5108,2.9271,-0.70422,-1.1473
0.15788,1.4254,3.0773,-0.73082,-1.1046
0.17405,1.5108,2.8268,-0.94005,-1.3029
0.20843,1.5628,2.9568,-1.0238,-1.1018
0.27576,1.5478,3.0997,-1.0456,-1.418
0.36434,1.3471,3.0929,-0.90532,-1.4722
0.21732,1.2183,3.2069,-0.8344,-1.3244
0.32723,1.2691,3.0884,-0.64602,-1.3493
0.23998,1.4386,3.3173,-0.74944,-1.1865
0.3839,1.3296,3.3234,-0.64977,-1.1522
0.54631,1.231,3.5245,-0.2272,-1.0619
0.78731,1.1941,3.2311,-0.27603,-1.0289
1.051,1.3005,3.4807,-0.16568,-0.78304
1.6187,1.4284,3.3726,-0.1552,-0.56658
2.1052,1.8066,3.6629,-0.091234,-0.13126
2.6291,1.9233,3.638,0.21939,0.10168
2.9962,2.1545,3.5744,0.16216,0.22665
3.4513,2.1628,3.6567,0.28057,0.47567
3.6968,2.4934,3.6983,0.37721,0.91099
4.2775,2.748,3.577,0.58283,1.0179
4.4412,3.0299,3.4571,0.40562,1.2552
4.7729,3.5075,3.3487,0.5416,1.3243
4.9877,3.6267,3.5613,0.66031,1.5645
5.0476,3.7917,3.5619,0.56355,1.6772
5.2133,3.9781,3.5607,0.76718,2.0894
5.2182,4.0917,3.3353,0.66891,2.1166
5.308,4.2753,3.5331,0.76253,2.0622
5.1856,4.4121,3.5644,0.74281,2.0253
5.0456,4.3837,3.32,0.58622,2.2981
4.9814,4.4647,3.1605,0.61012,2.0994
5.0559,4.6371,3.1434,0.68101,2.2386
4.7681,4.6419,3.1227,0.56196,2.2729
4.8587,4.7185,2.8383,0.50821,2.3516
4.4761,4.4989,2.3763,0.31977,2.147
4.4062,4.6325,2.2581,0.1201,2.107
4.0991,4.1257,2.0232,0.18326,2.0374
3.9489,4.2739,1.7682,-0.1289,1.9813
3.5484,4.2649,1.3034,-0.030034,1.5716
3.2339,3.8943,0.73005,-0.21479,1.5075
3.0347,3.8659,0.53085,-0.36356,1.2193
2.3837,3.5648,-0.01663,-0.70152,1.0725
2.0717,3.3121,-0.37011,-1.0312,0.84193
1.6938,3.084,-0.78188,-0.93533,0.66283
1.0834,2.9172,-1.1998,-1.2979,0.68981
0.57558,2.4728,-1.3954,-1.4334,0.50866
0.15534,2.2302,-1.9104,-1.4821,0.70222
-0.61177,2.0361,-2.3812,-1.6515,0.64209
-0.91842,1.5943,-2.7245,-1.6165,0.48106
-1.4663,1.184,-2.9737,-1.6996,0.62552
-1.9505,0.91079,-3.1821,-1.7615,0.68407
-2.3576,0.9169,-3.4811,-1.8661,0.35745
-2.6082,0.46764,-3.7478,-1.8584,0.39154
-2.8628,0.29865,-3.9306,-1.9018,0.24137
-3.1107,0.029672,-3.9144,-1.811,0.24851
-3.2388,-0.31056,-4.1683,-1.9659,0.1402
-3.4659,-0.26146,-4.2962,-1.9823,0.2481
-3.3042,-0.58499,-4.0276,-1.8092,0.24388
-3.1025,-0.71678,-4.0996,-1.6802,0.21066
-3.1087,-0.86633,-4.0232,-1.676,0.56446
-3.189,-0.97679,-4.2031,-1.5941,0.87139
-2.9748,-0.91432,-3.8885,-1.7065,0.91365
-2.7556,-0.98517,-3.9011,-1.2243,1.2695
-2.5155,-1.0249,-3.7048,-0.90332,1.6714
-2.3159,-0.78842,-3.5992,-0.55454,1.942
-1.9571,-1.1,-3.1763,-0.060129,2.3765
-1.8877,-0.90006,-3.1988,0.77008,2.3301
-1.5337,-0.78039,-3.0962,1.4699,2.7193
-1.5956,-0.65355,-2.9258,1.9517,3.0977
-1.2345,-0.63779,-2.6839,2.4186,3.025
-1.2327,-0.33298,-2.4632,2.9796,3.237
-1.1596,-0.45593,-2.4555,3.3886,3.0918
-0.96247,-0.29419,-2.3817,3.6737,3.2857
-0.66882,-0.16685,-2.2243,4.0387,2.975
-0.74596,-0.17897,-2.1062,4.3854,2.6952
-0.72855,0.12843,-2.1224,4.2982,2.7312
-0.542,0.017329,-2.2512,4.5363,2.5676
-0.5034,0.052881,-1.7767,4.5534,2.299
-0.44232,0.17826,-2.0026,4.5729,2.1724
-0.37648,0.31466,-1.8126,4.732,1.9487
-0.56588,0.22833,-1.8154,4.6369,1.8681
-0.34104,0.33327,-1.6009,4.3367,1.3335
-0.51183,0.4092,-1.2776,4.2187,1.4342
-0.70091,0.45224,-1.02,3.9783,0.70491
-0.48487,0.64294,-0.35377,3.7276,0.36551
-0.47423,0.62188,0.11806,3.5378,0.29743
-0.35885,0.8215,0.61125,3.4015,0.13753
-0.48017,0.87234,1.1049,3.2274,-0.044868
-0.55954,1.1524,1.4467,3.1143,0.20619
-0.46027,1.5283,2.0618,3.1343,0.066599
-0.53425,1.9548,2.1673,3.0606,0.32959
-0.64975,2.2678,2.4016,3.0186,0.48432
-0.5893,2.7336,2.7443,2.8657,0.71641
-0.45943,3.2009,2.6417,2.9264,0.80261
-0.53104,3.5395,2.7435,3.0734,0.89049
-0.759,3.8467,2.8519,2.9647,1.0532
-0.56162,4.1517,2.6127,2.9566,1.16
-0.52683,4.8189,2.8671,2.6941,1.2905
-0.56531,4.6493,2.5103,2.669,1.3343
-0.50976,4.763,2.3606,2.3853,1.2624
-0.38769,4.8792,2.2797,2.1878,1.166
-0.48867,4.8077,2.1004,1.716,1.1611
-0.39452,4.6549,1.6036,1.5228,0.89866
-0.31025,4.5745,1.5428,1.0567,0.60605
-0.29022,4.4278,0.98219,0.55967,0.16065
-0.41907,4.132,0.59566,0.098851,0.169
-0.31646,3.8116,0.32115,-0.26522,-0.32047
-0.20836,3.5124,0.045282,-0.66672,-0.68648
-0.40085,3.1384,-0.3884,-1.1396,-0.80323
-0.48568,2.5938,-0.592,-1.8962,-1.1888
-0.33805,2.4654,-0.90038,-2.1197,-1.5276
-0.344,1.9586,-1.1037,-2.7895,-1.718
-0.11898,1.7251,-1.4271,-3.0885,-2.0208
-0.037489,1.3899,-1.4318,-3.7566,-2.443
-0.20942,0.86192,-1.5471,-3.7489,-2.5033
0.34443,0.69947,-1.4649,-4.1281,-2.8223
0.5638,0.77369,-1.47,-4.4537,-2.8922
0.9236,0.59493,-1.4847,-4.6315,-2.8756
1.516,0.75296,-1.4375,-4.7346,-2.9426
1.7326,0.80929,-1.1567,-4.6337,-2.7956
2.2194,0.95308,-0.93972,-4.4876,-2.7502
2.7786,0.9014,-0.68824,-4.4177,-2.4047
3.2922,1.1532,-0.68799,-4.1772,-2.4775
3.6515,1.1283,-0.4807,-4.2101,-1.9144
3.9583,1.3944,-0.38943,-3.9313,-1.7247
4.0795,1.4079,-0.087531,-3.8323,-1.5087
4.3496,1.3914,-0.072726,-3.6978,-1.3352
4.6309,1.7424,0.18858,-3.4256,-1.1226
4.5652,1.9227,0.14257,-3.2163,-0.84538
4.6439,1.8958,0.26948,-2.9306,-0.51412
4.8764,2.2065,0.19666,-2.7501,-0.4574
4.5627,1.9137,0.24749,-2.5365,-0.30296
4.933,2.0816,0.31384,-2.4771,-0.12619
4.5446,2.4819,0.34558,-2.0772,-0.21189
4.392,2.0566,0.51656,-1.8316,0.16474
4.3706,2.3901,0.62247,-1.9199,0.11029
4.4234,2.2823,0.51669,-2.0592,-0.035653
4.1885,2.112,0.41601,-1.6493,0.25124
3.9155,2.427,0.54909,-1.773,0.1862
3.9476,2.1325,0.75841,-1.4324,0.095358
3.7567,2.0901,1.0792,-1.3723,0.1507
3.7003,2.0432,1.2043,-1.1357,0.2782
3.4151,2.0989,1.5929,-0.88022,0.23262
3.3048,1.9151,1.7071,-0.87506,0.16641
3.199,1.8196,1.9902,-0.83655,0.32767
3.0716,1.5745,2.4316,-0.79789,0.35783
2.7853,1.6674,2.6269,-0.35184,0.35588
2.6857,1.7198,2.9845,-0.37455,0.12614
2.31,1.5142,3.0498,-0.27192,0.12148
1.9293,1.309,3.303,-0.10965,-0.097823
1.417,1.0102,3.342,0.27558,0.093959
0.9438,0.64381,3.3477,0.1001,0.16937
0.86368,0.61112,3.4761,0.063814,0.11632
0.13276,0.32665,3.3884,0.14963,0.32626
-0.50869,0.05915,3.2096,0.072538,0.37324
-0.82662,-0.2549,3.1529,-0.11518,0.51548
-1.2415,-0.39764,3.0187,-0.15807,0.862
-1.7964,-0.66703,2.6851,-0.31195,0.99886
-2.0096,-0.99219,2.4804,-0.3537,1.2716
-2.2617,-1.0935,1.9162,-0.56493,1.3517
-2.0813,-1.2037,1.4808,-0.52745,1.4123
-2.0342,-1.6829,1.4425,-0.60399,1.5899
-1.7771,-1.669,1.0955,-0.60376,1.7733
-1.4327,-1.6714,0.76302,-0.83607,1.718
-1.0371,-1.3406,0.39201,-0.9921,1.7787
-0.53525,-1.3321,0.21235,-1.3635,1.7137
-0.19446,-1.2694,-0.15878,-1.3274,1.5843
0.32762,-1.2438,-0.51936,-1.1636,1.6745
0.82254,-0.94833,-0.61449,-1.2097,1.1771
1.3311,-0.8373,-0.7029,-1.4223,1.2661
1.6744,-0.34156,-0.86396,-1.3248,1.125
1.8752,-0.32509,-1.1966,-1.3632,1.0007
2.1482,-0.12145,-0.98612,-1.5778,0.68882
2.1878,0.22095,-0.86368,-1.5367,0.60627
2.479,0.29667,-0.82994,-1.5341,0.36395
2.4474,0.48595,-0.61849,-1.3841,0.064476
2.5251,0.58971,-0.33282,-1.1657,0.31284
2.4414,0.78171,0.032924,-1.0407,-0.067712
2.6017,1.0343,0.45415,-0.81063,-0.30893
2.3859,0.96662,0.80288,-0.35441,-0.31376
2.2555,0.88795,1.1633,-0.63841,-0.57813
2.0455,0.89317,1.3275,-0.2286,-0.63758
1.6971,0.89101,1.6468,-0.17369,-0.77572
1.1789,0.85001,1.6275,0.026808,-1.0202
0.98957,0.67327,1.9526,-0.063587,-1.2457
0.58937,0.43724,1.6827,0.030375,-1.3724
0.023177,0.27851,1.4584,-0.062659,-1.6832
-0.45456,0.23617,1.2252,0.036147,-1.8597
-1.0809,-0.071269,1.0368,-0.22553,-2.061
-1.4229,-0.3374,0.79323,-0.079641,-2.1391
-1.9241,-0.56556,0.51017,-0.42973,-2.5435
-2.48,-1.0543,0.32345,-0.37916,-2.5528
-2.989,-1.0213,-0.077658,-0.434,-3.0835
-3.4079,-1.378,-0.29065,-0.63969,-2.9721
-3.638,-1.5671,-0.7719,-0.64113,-3.2385
-4.0771,-1.7792,-0.91354,-0.61734,-3.3622
-4.4919,-2.0437,-1.4318,-0.69519,-3.579
-4.7705,-2.283,-1.7199,-0.82324,-3.5331
-5.1221,-2.5115,-1.919,-0.9975,-3.5698
-5.0942,-2.6386,-1.9998,-1.1945,-3.4974
-5.0664,-2.9696,-2.2883,-1.1251,-3.3349
-5.0333,-2.9525,-2.4702,-1.1676,-3.0546
-5.0443,-3.1727,-2.7,-1.2891,-2.8168
-4.703,-3.3408,-2.8301,-1.2571,-2.4188
-4.8047,-3.4255,-2.9418,-1.0889,-2.0516
-4.4984,-3.4371,-2.9165,-1.1429,-1.3911
-4.0942,-3.14,-3.018,-1.2577,-0.9992
-3.9926,-3.4793,-3.1902,-1.2614,-0.74426
-3.7497,-3.2524,-2.9393,-1.378,-0.47224
-3.3976,-3.281,-2.8917,-1.1824,-0.0092186
-3.1901,-3.1909,-2.9725,-1.2929,0.12073
-2.8702,-3.2313,-2.929,-1.1522,0.1947
-2.6826,-3.1446,-2.9549,-1.0666,0.11145
-2.5417,-3.007,-2.8744,-0.92065,0.23581
-2.3081,-2.682,-2.7032,-0.94122,0.1025
-2.3753,-2.6652,-2.571,-1.06,0.089725
-2.0217,-2.5158,-2.4443,-0.80756,-0.039325
-2.0146,-2.279,-2.4071,-0.90975,-0.38187
-1.7871,-2.3448,-2.0378,-0.88495,-0.54679
-1.4508,-2.1583,-1.9543,-0.69593,-0.65287
-1.303,-1.8739,-1.9215,-0.53576,-0.96628
-1.3161,-2.0334,-1.7792,-0.54076,-1.0494
-1.1744,-1.7695,-1.8104,-0.50105,-1.1699
-0.96198,-1.7633,-1.5407,-0.48638,-1.4921
-1.1783,-1.6658,-1.8828,-0.2864,-1.5036
-0.97224,-1.432,-1.238,-0.22567,-1.8532
-1.1902,-1.4876,-1.6019,-0.056763,-1.8099
-1.0479,-1.4833,-1.3609,0.32723,-1.912
-1.1354,-1.273,-1.4823,0.58665,-2.219
-1.1577,-1.329,-1.2445,1.284,-1.9981
-1.1158,-1.3119,-1.1237,1.7677,-1.7888
-1.2672,-0.9642,-1.3953,2.3419,-1.7788
-1.282,-1.1128,-1.1389,2.9194,-1.4167
-1.1992,-1.1763,-1.051,3.5455,-1.1287
-0.94316,-0.88334,-1.0761,3.6785,-0.97748
-0.69267,-0.71662,-0.88566,4.1493,-0.47146
-0.5397,-0.31741,-0.6785,4.412,-0.20044
-0.011863,-0.29528,-0.23469,4.4525,0.32684
0.3824,-0.053482,0.25718,4.4542,0.60389
0.6472,0.26877,0.56987,4.5823,1.1786
1.0151,0.62057,1.4197,4.5054,1.7453
1.11,0.71953,1.7096,4.5376,1.9566
1.217,1.0289,2.095,4.7289,2.3032
1.3477,1.1675,2.4513,4.5184,2.5587
1.1049,1.0738,2.6385,4.4324,2.6536
1.0997,1.435,2.7137,4.5427,2.7755
1.1274,1.1364,2.7215,4.6094,2.8357
0.7845,1.118,2.6384,4.4395,2.8942
0.58657,0.89015,2.5515,4.4507,2.8981
0.44873,0.90405,2.6339,4.3986,2.799
0.34289,0.95503,2.1258,4.3155,2.591
0.30251,0.74278,1.8163,4.2276,2.2634
0.29453,0.65554,1.6736,4.2972,2.2393
0.40849,0.43451,1.6695,4.3763,2.1058
0.46282,0.71223,1.4751,4.2052,2.1023
0.5446,0.38663,1.0653,4.0185,2.201
0.5364,0.39534,0.89612,4.2716,2.1098
0.48382,0.050278,0.64654,3.8604,1.9806
0.3696,0.20245,0.34438,3.9633,1.8628
0.35815,-0.048099,0.038723,3.7979,1.7076
0.17592,-0.13577,-0.059235,3.5543,1.6466
0.32719,-0.27227,0.040283,3.554,1.3609
-0.046784,-0.43387,-0.57004,3.5065,1.2751
-0.26549,-0.535,-0.68011,3.3433,1.0082
-0.50858,-0.68827,-0.85742,3.2969,0.86458
-0.69886,-0.81793,-1.0906,3.271,0.70886
-1.024,-0.72229,-1.2378,3.1046,0.57896
-1.0842,-1.0908,-1.3215,2.8628,0.50173
-1.4009,-0.99188,-1.3422,2.9138,0.32442
-1.3952,-1.2482,-1.5356,2.5845,0.2603
-1.5006,-1.5017,-1.3596,2.7888,0.17193
-1.8757,-1.4173,-1.4429,2.5628,0.13276
-1.8804,-1.608,-1.624,2.5239,-0.011526
-1.8538,-1.7589,-1.7329,2.3735,0.0029575
-1.9395,-1.6164,-1.542,2.2133,-0.015796
-2.1188,-1.8729,-1.6401,2.1999,0.17486
-2.3609,-1.7209,-1.5677,2.2874,0.28335
-2.2226,-1.8575,-1.4019,2.1121,0.35619
-2.139,-1.7719,-1.2,2.0129,0.94372
-2.2016,-1.975,-1.3403,2.0629,0.99534
-2.042,-1.8876,-1.2987,1.9034,1.3649
-2.0214,-1.6641,-1.294,2.001,1.8045
-1.8958,-1.7213,-1.128,1.8447,1.7918
-1.9683,-1.7218,-1.1074,1.718,2.052
-1.7554,-1.7452,-1.11,1.7019,2.3569
-1.7554,-1.7533,-0.72205,1.4269,2.3487
-1.6227,-1.6603,-0.76216,1.0457,2.409
-1.5694,-1.4645,-0.77987,0.85523,2.4325
-1.4201,-1.5369,-0.83325,0.59471,2.4074
-1.3948,-1.4301,-0.75167,0.21038,2.6066
-1.232,-1.4862,-0.55513,-0.087938,2.8134
-1.321,-1.2473,-0.50324,-0.61682,2.2455
-1.0763,-1.3315,-0.56493,-0.97785,2.3365
-1.2803,-1.1821,-0.2154,-1.4472,2.2806
-1.0525,-1.2662,0.10824,-1.8242,2.0957
-1.0999,-1.0761,0.74691,-2.2461,2.1441
-0.94367,-0.85112,1.1945,-2.6766,1.9295
-0.93707,-0.90987,1.582,-2.706,1.8526
-0.90196,-1.1937,2.1524,-2.9547,1.7018
-0.86752,-0.98328,2.5859,-2.7326,1.4207
-0.71123,-0.87068,2.8873,-2.6039,1.4367
-0.74081,-0.76838,3.288,-2.2133,1.1842
-0.58203,-0.76207,3.4861,-1.7945,1.1136
-0.70676,-0.80573,3.7473,-1.3442,0.78319
-0.6224,-0.73771,4.1458,-0.95583,0.74819
-0.41555,-0.9377,4.2723,-0.74482,0.39078
-0.71998,-0.6647,4.4022,-0.41805,0.09548
-0.68455,-0.88787,4.5129,-0.15796,0.056147
-0.68353,-0.53321,4.4783,-0.048868,0.10844
-0.78321,-0.66991,4.2292,-0.10558,-0.048564
-0.50789,-0.69366,4.1618,-0.15882,-0.38726
-0.56723,-0.56403,3.6214,-0.33035,-0.41152
-0.54624,-0.57751,3.6286,-0.55468,-0.69556
-0.64204,-0.57787,3.2473,-0.73441,-0.82882
-0.49972,-0.41267,2.943,-1.0569,-1.1763
-0.53514,-0.57498,2.6491,-1.1105,-1.3303
-0.45019,-0.66027,2.2564,-1.6299,-1.8611
-0.32539,-0.69377,2.3153,-1.7152,-2.198
-0.49086,-0.5751,1.8833,-1.9757,-2.5058
-0.38461,-0.60184,1.83,-2.2593,-2.7617
-0.46071,-0.52775,1.7391,-2.6766,-2.9752
-0.3107,-0.7066,1.5901,-2.8293,-3.0629
-0.27085,-0.54826,1.6154,-2.9575,-3.5351
-0.17379,-0.48088,1.364,-3.2215,-3.7066
-0.33731,-0.090351,1.4469,-3.5571,-3.6275
-0.36677,0.1657,1.3981,-3.5948,-3.7181
-0.28527,0.3353,1.5764,-3.6566,-3.9669
-0.25384,0.86003,1.6162,-3.7253,-3.973
-0.10708,1.4682,1.3718,-3.7554,-3.9741
-0.22886,1.8523,1.3476,-3.9361,-4.0399
-0.25773,2.1653,1.6032,-3.8695,-3.9696
-0.21088,2.5047,1.2853,-3.7368,-3.8492
-0.074027,2.8763,1.5145,-3.7222,-3.9419
-0.25158,3.1473,1.5272,-3.8398,-3.9629
-0.2562,3.2656,1.1856,-3.8811,-3.8306
-0.1462,3.3874,1.098,-3.6939,-3.744
-0.15021,3.6014,0.85612,-3.8,-3.6757
-0.22356,3.5361,0.6148,-3.7957,-3.8244
-0.24499,3.6541,0.27137,-3.7426,-3.5547
-0.012046,3.3662,0.14404,-3.6569,-3.3611
0.14309,3.4777,-0.027503,-3.4463,-3.4053
0.2319,3.1879,-0.14119,-3.2785,-3.2973
0.033677,2.9735,-0.23613,-3.4087,-3.1872
0.044012,2.967,-0.43297,-3.3279,-2.9604
0.088978,2.6558,-0.71488,-3.251,-2.5672
-0.14754,2.6245,-0.57338,-3.1171,-2.4493
0.086003,2.0854,-0.76723,-3.2435,-2.0976
0.24677,1.9517,-0.90531,-3.1586,-1.5132
0.14008,1.4027,-1.2313,-2.9734,-1.2662
0.37919,1.1998,-1.2526,-3.031,-0.92612
0.50372,1.0145,-1.3569,-2.8983,-0.21947
0.73191,0.88552,-1.2324,-2.6464,-0.061205
1.3442,0.6132,-1.6273,-2.8121,0.57786
1.8582,0.38322,-1.4773,-2.9187,0.92623
2.2622,0.27849,-1.5486,-2.6946,0.99328
2.7654,0.3407,-1.1623,-2.3294,1.2589
3.1657,0.27126,-1.171,-2.2463,1.4159
3.5398,0.044976,-1.0238,-2.0719,1.6661
3.7796,0.25552,-0.48163,-1.9415,1.7437
4.3122,0.26379,-0.10621,-1.5485,2.1135
4.6264,0.48713,0.57488,-0.92419,2.5507
4.6498,0.50643,0.90456,-0.02255,2.8382
4.7688,0.70554,1.3851,0.41255,3.15
4.9775,0.82584,1.9515,0.89667,3.1744
4.9225,0.95502,2.3047,1.3783,3.1953
5.0764,0.9208,2.7975,1.5825,3.4567
4.7669,0.93492,3.0073,1.6498,3.3288
4.7869,1.1117,3.1926,1.8695,3.1665
4.4361,1.1687,3.224,1.6869,2.9035
4.2448,1.1679,3.1638,1.7619,2.8781
3.8702,1.1776,3.1431,1.5571,2.6946
3.3436,1.0273,2.9842,1.4127,2.0273
3.0725,1.0227,2.9041,1.2591,1.9851
2.5798,0.55425,2.4566,1.1368,1.53
2.1496,0.72198,2.2294,0.71017,1.187
1.6412,0.60675,1.8095,0.74595,0.73198
1.145,0.24866,1.4873,0.058539,0.22969
0.63977,-0.11046,1.2499,-0.39116,0.23169
0.1084,-0.1226,0.8656,-0.59636,-0.076639
-0.27345,-0.45216,0.47903,-1.0193,-0.22391
-0.85007,-0.82379,0.078227,-1.5308,-0.28116
-1.4401,-0.75358,-0.51326,-1.6016,-0.64777
-1.7293,-1.0353,-0.69232,-1.9111,-0.53094
-2.1387,-1.3012,-1.1941,-2.1393,-0.90139
-2.4912,-1.5034,-1.7102,-2.7741,-0.85035
-2.7064,-1.6189,-1.7174,-3.0634,-0.57708
-2.6752,-2.0138,-2.0619,-3.0168,-0.60276
-2.8257,-2.0453,-2.4862,-3.4728,-0.26268
-2.8719,-2.1174,-2.8196,-3.5375,-0.22651
-2.825,-2.3303,-2.8785,-3.431,-0.18072
-2.7321,-2.4862,-3.0178,-3.5962,0.019121
-2.5526,-2.3706,-3.2323,-3.5693,0.07875
-2.4009,-2.5141,-3.4252,-3.2146,-0.022227
-2.2938,-2.3918,-3.0232,-3.0307,0.014146
-2.2155,-2.6505,-2.8681,-2.2609,0.034761
-1.9397,-2.3914,-2.6013,-1.7745,-0.080383
-1.5544,-2.5135,-2.1241,-0.98673,-0.054802
-1.4293,-2.4687,-1.826,0.053722,-0.10269
-1.299,-2.4799,-1.4992,0.56472,0.086399
-1.1573,-2.2843,-1.0927,1.2928,-0.21071
-0.91481,-2.2903,-0.64812,1.8401,-0.20809
-0.82337,-2.2168,-0.34456,2.2336,0.033024
-0.49707,-2.0061,-0.014714,2.5496,-0.25189
-0.50077,-2.0545,0.28941,2.6871,-0.29546
-0.4147,-1.8395,0.3658,2.8231,-0.42525
-0.2114,-1.6036,0.50598,2.5219,-0.61201
-0.39559,-1.9817,0.53573,2.386,-0.53715
-0.23653,-1.5819,0.69016,2.2102,-0.70013
-0.10791,-1.6069,0.61942,2.1178,-0.82789
0.32337,-1.1806,0.40513,1.7286,-0.3999
0.5544,-1.1954,0.63088,1.5984,-0.30389
0.86589,-1.1434,0.24541,1.238,-0.13854
1.3555,-0.71618,0.28294,0.93222,0.37621
1.8318,-0.55138,0.092012,0.64938,0.64009
2.3125,-0.48258,0.0012719,0.27335,0.85791
2.6536,0.052377,-0.19378,-0.14826,1.1578
3.0623,0.3187,0.0027031,-0.58911,1.4464
3.3428,0.58008,-0.051214,-1.0446,1.8465
3.543,0.81976,-0.29431,-1.1585,2.2204
3.9369,1.1452,-0.35415,-1.4466,2.3345
4.3344,1.4919,-0.52421,-1.7582,2.3084
4.4664,1.5505,-0.43339,-1.9726,2.4752
4.4311,1.9416,-0.43688,-2.1632,2.655
4.3688,2.0518,-0.22875,-2.4324,2.5824
4.3964,2.2889,-0.13894,-2.345,2.4408
4.5409,2.7097,-0.1346,-2.4351,2.4812
4.4259,2.9165,-0.018625,-2.4226,2.6533
4.3655,3.2289,0.047883,-2.1318,2.5944
4.4172,3.5233,0.5004,-1.969,2.7101
4.3635,3.9697,0.53693,-1.5379,2.5412
4.2294,4.2415,0.86674,-0.76402,2.4992
4.2084,4.1375,1.0977,-0.23069,2.6624
3.8945,4.6932,1.3679,0.59687,2.5704
3.9351,4.6291,1.42,1.244,2.2255
3.6418,4.8975,1.7335,1.8491,2.3434
3.5806,5.0176,1.8212,2.4739,2.3289
3.3761,5.121,1.925,2.9697,2.3963
3.2632,5.1439,2.027,3.2679,2.6147
3.125,4.878,2.1439,3.6945,2.3484
2.983,5.0961,2.2025,3.779,2.5618
2.5746,4.8115,2.0116,4.155,2.47
2.2139,4.809,1.9574,4.2499,2.4771
1.8578,4.9435,2.0199,4.5422,2.4898
1.4757,4.5232,1.8281,4.3109,2.4733
0.90686,4.3807,1.9069,4.4261,2.3191
0.53383,4.1755,1.7505,4.416,2.359
0.16407,4.1727,1.5891,4.2502,2.1548
-0.42686,3.875,1.5265,3.9516,2.0348
-0.83085,3.6696,1.5294,3.7557,2.0051
-1.4386,3.5344,1.183,3.3023,1.8185
-1.6034,3.3186,1.1282,3.244,1.6209
-2.033,3.1775,0.84486,2.7954,1.456
-2.7116,2.777,0.8281,2.3738,1.2745
-3.1253,2.5015,0.60745,1.8993,1.0268
-3.2257,2.2464,0.33572,1.3501,0.79228
-3.3589,1.9057,0.10611,0.84096,0.82322
-3.7731,1.3219,-0.061579,0.40836,0.54692
-3.8371,1.0038,-0.37493,-0.11833,0.58021
-3.8928,0.37282,-0.78731,-0.67986,0.25542
-4.0333,0.029599,-0.92502,-1.2864,0.259
-4.0784,-0.55249,-1.4172,-1.5028,0.2673
-3.7013,-1.0348,-1.4969,-1.853,-0.16161
-3.6671,-1.6967,-2.0355,-2.294,-0.31087
-3.5047,-2.0356,-2.1334,-2.5117,-0.13032
-3.2839,-2.4784,-2.5066,-2.8241,-0.13709
-3.2484,-3.1545,-2.6141,-3.1035,-0.36206
-2.9815,-3.7507,-2.7896,-3.3288,-0.47775
-2.6453,-4.1372,-3.1751,-3.3637,-0.32556
-2.5855,-4.5208,-3.0302,-3.5499,-0.37592
-2.267,-5.0191,-3.1853,-3.6124,-0.56817
-2.1718,-5.3355,-3.3687,-3.8281,-0.71797
-1.8986,-5.6161,-3.354,-3.5914,-0.5708
-1.7335,-5.6501,-3.2338,-3.6162,-0.84596
-1.5658,-5.8599,-3.1305,-3.659,-1.2103
-1.5403,-6.2105,-3.5841,-3.5371,-1.2776
-1.3238,-6.0636,-3.1851,-3.4811,-1.6027
-1.1699,-6.142,-3.3696,-3.2761,-2.1356
-1.2628,-5.9366,-3.2099,-3.2327,-2.2514
-1.0687,-5.9003,-3.1865,-3.0037,-2.5266
-1.1751,-5.7423,-3.2642,-2.5672,-2.7395
-0.92506,-5.5857,-3.059,-2.3783,-3.0902
-1.1085,-5.3403,-2.9345,-1.849,-2.9936
-1.0997,-5.1342,-2.8185,-1.4433,-3.0333
-1.078,-4.6914,-2.8034,-0.85075,-2.7845
-1.075,-4.5967,-2.6084,-0.57017,-2.7235
-1.1047,-4.2694,-2.5342,-0.45043,-2.6305
-0.8711,-3.8208,-2.5481,-0.32836,-2.3229
-0.88225,-3.5837,-2.3831,-0.057452,-1.8361
-1.0481,-3.4007,-2.4297,0.11283,-1.5932
-1.0214,-3.3067,-2.3759,-0.024586,-1.6955
-1.0462,-3.0715,-2.1909,0.032343,-1.1583
-1.0249,-2.6867,-2.106,-0.051519,-1.0144
-1.0078,-2.6004,-2.0773,0.21316,-0.59174
-1.2641,-2.5272,-1.9716,0.25877,-0.4773
-1.0585,-2.2161,-1.8453,0.65288,-0.11891
-1.2291,-2.296,-2.033,1.0774,-0.070845
-0.94361,-2.1267,-1.8235,1.2347,0.1949
-1.0119,-1.9313,-1.7195,1.6143,0.36053
-1.0498,-2.0136,-1.8799,2.1795,0.38668
-0.83067,-1.7223,-1.5956,2.463,0.59402
-1.0418,-1.7848,-1.6092,2.8338,0.77762
-0.86026,-1.9377,-1.8793,2.7027,0.83016
-0.84102,-1.7947,-1.4331,2.9578,0.7789
-0.8651,-1.7687,-1.6351,3.1638,0.79851
-0.81219,-1.7004,-1.4274,2.9735,0.83895
-0.82437,-1.5228,-1.4887,3.0635,1.0603
-0.86525,-1.8002,-1.4413,2.9064,0.89311
-0.73201,-1.6316,-1.4567,2.6666,0.4874
-0.9097,-1.7536,-1.4193,2.2615,0.38919
-0.64766,-1.5074,-1.2634,2.0774,0.13275
-0.50195,-1.4901,-1.3399,1.7688,-0.17227
-0.66353,-1.8493,-1.4267,1.5891,-0.38489
-0.56425,-1.6094,-1.0481,1.6042,-0.63479
-0.54114,-1.5474,-1.2669,1.5012,-1.0592
-0.57342,-1.6069,-1.2727,1.3903,-1.3574
-0.77113,-1.4591,-1.121,1.6241,-1.5555
-0.54371,-1.6157,-1.1916,1.7392,-1.9113
-0.4763,-1.5982,-1.1336,1.7471,-2.2623
-0.39887,-1.516,-1.1099,1.7105,-2.5633
-0.2897,-1.4832,-1.0775,1.7188,-2.5135
-0.066937,-1.3534,-0.82023,1.5162,-2.7914
0.13308,-1.3629,-0.79885,1.4299,-2.62
0.75622,-1.0175,-0.86252,1.2421,-2.5502
1.1502,-1.0536,-0.85174,1.141,-2.408
1.715,-0.85457,-0.57713,0.79161,-2.224
2.0501,-0.65928,-0.19971,0.49056,-2.0035
2.4323,-0.27517,-0.20402,0.24696,-1.9611
3.0239,-0.16899,0.029724,-0.034395,-1.9367
3.3404,0.33231,0.34209,-0.29662,-1.8657
3.577,0.40519,0.22021,-0.74515,-1.5608
3.9652,0.90343,0.47786,-1.0247,-1.5816
3.8529,0.96819,0.74434,-1.1005,-1.617
3.8223,1.3884,0.937,-1.6193,-1.5207
3.9836,1.7141,0.96664,-1.7171,-1.4668
4.2669,2.0955,1.4548,-1.773,-1.557
3.8639,2.4353,1.4549,-2.0988,-1.6382
3.6004,2.6342,1.5756,-2.383,-1.4341
3.2079,2.9269,1.7967,-2.3568,-1.5184
3.2634,3.1709,2.1412,-2.5295,-1.4858
2.5851,3.4248,2.2465,-2.5688,-1.4245
2.2842,3.6034,2.2013,-2.2731,-1.2873
1.7379,3.6275,2.3761,-2.3614,-0.97783
1.2826,4.0248,2.5257,-2.3412,-0.99548
0.91652,4.0337,2.5851,-2.2278,-0.84711
0.43432,4.3933,2.5523,-2.2081,-0.76003
0.18948,4.3127,2.8949,-1.8873,-0.53033
-0.36202,4.2151,2.7237,-1.9385,-0.50756
-1.0167,3.9744,2.5165,-2.02,-0.5896
-1.1771,3.9297,2.6146,-1.6944,-0.59698
-1.6093,3.6669,2.4306,-1.7269,-0.71711
-1.9099,3.6171,2.2505,-1.7618,-1.1171
-2.3308,3.284,1.8067,-1.5243,-1.3678
-2.4838,2.9147,1.7623,-1.7406,-1.529
-2.582,2.7036,1.4554,-1.5874,-1.9156
-2.6099,2.121,1.117,-1.5236,-2.217
-2.881,1.9919,0.94015,-1.5692,-2.3975
-2.7892,1.5448,0.60722,-1.3445,-2.6035
-2.7549,1.0073,0.50353,-1.4853,-2.8042
-2.4655,0.58121,0.031527,-1.3531,-3.2909
-2.4992,0.13979,-0.26049,-1.3895,-3.4419
-2.3189,-0.42083,-0.20082,-1.4215,-3.5198
-2.1524,-0.787,-0.68799,-1.4447,-3.925
-1.7358,-1.2134,-0.96269,-1.3632,-4.009
-1.6464,-1.7136,-0.99401,-1.4108,-4.1408
-1.4205,-2.0446,-1.0801,-1.4718,-4.3299
-1.353,-2.3775,-1.3497,-1.3511,-4.5426
-1.2306,-3.1372,-1.3574,-1.458,-4.2677
-1.0676,-3.3022,-1.5057,-1.352,-4.6046
-0.78197,-3.4816,-1.3942,-1.4128,-4.3485
-0.90618,-3.7642,-1.4677,-1.3499,-4.4152
-0.70148,-3.9491,-1.4763,-1.4607,-4.4355
-0.53323,-3.9259,-1.5231,-1.2653,-4.2346
-0.36532,-4.1466,-1.5653,-1.3285,-4.2538
-0.45243,-4.1373,-1.6287,-1.287,-3.9746
-0.48967,-4.2714,-1.5014,-1.149,-4.0423
-0.26895,-4.0449,-1.3978,-1.2085,-3.7375
-0.3856,-4.0217,-1.1548,-1.1072,-3.8242
-0.26435,-3.9166,-1.2169,-0.94143,-3.5713
-0.47582,-3.8149,-0.96021,-0.91606,-3.3636
-0.23568,-3.6345,-0.53204,-0.82443,-3.2772
-0.45921,-3.3225,-0.57165,-0.89224,-3.1033
-0.27109,-3.1965,-0.30209,-0.69615,-2.8867
-0.3441,-2.7625,-0.050529,-0.50544,-2.6092
-0.15708,-2.7854,0.31574,-0.40323,-2.8239
-0.31293,-2.4069,0.33373,-0.54838,-2.6432
-0.20806,-2.1595,0.65516,-0.30106,-2.5503
-0.34764,-2.1786,0.57308,-0.29593,-2.2522
-0.26437,-1.961,0.7583,-0.2071,-2.0881
-0.36273,-1.5331,0.88179,0.49605,-2.0514
-0.27733,-1.5261,1.0247,0.80887,-1.6989
-0.32433,-1.3179,0.99296,1.4207,-1.5845
-0.2982,-1.3273,0.96065,1.8901,-1.1503
-0.19795,-1.0684,1.1641,2.5945,-1.0062
-0.28011,-1.1286,1.0871,3.1874,-0.56009
-0.31259,-0.94945,0.9224,3.3576,-0.49577
-0.30004,-0.73707,0.96811,3.4958,-0.16668
-0.30325,-0.93274,0.80786,3.4012,-0.04239
-0.34518,-0.94253,0.5856,3.3076,0.081702
-0.28757,-0.72066,0.46398,3.4249,0.24267
-0.18042,-0.71953,0.66527,3.216,0.080479
-0.26949,-0.65418,0.29132,2.9326,0.34074
-0.12818,-0.71648,0.34958,2.6272,0.26258
-0.16443,-0.5096,-0.093888,2.5661,0.18248
0.026546,-0.66066,0.038656,2.1197,0.081348
-0.10655,-0.68037,-0.23258,2.0652,-0.060669
-0.43364,-0.59446,-0.38365,1.4073,-0.047147
-0.35416,-0.47866,-0.40731,1.4158,-0.17013
-0.23432,-0.75345,-0.54206,0.938,-0.35287
-0.22205,-0.78562,-0.4205,0.44938,-0.33915
-0.1674,-0.79693,-0.42246,0.21357,-0.48994
-0.21236,-0.5701,-0.3861,-0.025203,-0.78062
0.052292,-0.55675,-0.39453,-0.35188,-0.92292
-0.059297,-0.5003,-0.4191,-0.53371,-0.82379
-0.20098,-0.5479,0.38388,-0.78337,-0.79755
-0.022253,-0.51769,0.74576,-0.87713,-0.91803
-0.15929,-0.56222,1.2158,-0.90139,-0.94805
-0.10219,-0.42578,1.4532,-0.66434,-0.86255
-0.057201,-0.40666,1.8603,-1.0581,-0.80733
0.09753,-0.69093,2.1751,-0.90195,-0.75623
0.095213,-0.45151,2.3652,-0.75499,-0.84042
-0.029523,-0.401,2.5849,-0.7985,-0.69408
-0.011777,-0.59776,2.2924,-0.86542,-0.43108
0.079883,-0.45788,2.6219,-0.90643,-0.59258
-0.014928,-0.34001,2.3433,-0.78087,-0.53585
0.15234,-0.38967,2.1152,-0.7263,-0.51827
0.067942,-0.47477,1.9082,-0.75469,-0.47731
0.20324,-0.30813,1.7103,-0.76409,-0.4207
-0.053258,-0.38996,1.5651,-0.82279,-0.45902
0.10433,-0.21843,1.3515,-0.58534,-0.3476
-0.037538,-0.16544,1.1765,-0.45998,-0.5091
0.094008,-0.32862,0.73337,-0.65287,-0.18088
0.27659,-0.15435,0.4539,-0.62856,-0.33915
0.051142,-0.18052,0.21923,-0.48991,-0.3582
0.21183,-0.20733,0.13139,-0.73075,-0.13556
0.24497,-0.098288,-0.23709,-0.74722,-0.21358
0.10045,0.16834,-0.25634,-0.35928,-0.17516
0.23811,-0.095671,-0.41177,-0.55234,-0.14993
0.15779,-0.046717,-0.76111,-0.42945,-0.12714
0.23907,0.10817,-0.7773,-0.5111,0.019324
0.37388,0.070542,-0.92303,-0.49684,-0.10321
0.10792,0.10812,-1.1168,-0.2722,0.091361
0.2639,0.20205,-1.1941,-0.37191,-0.0051379
0.32898,0.071043,-1.258,-0.4595,0.18412
0.10563,-0.097156,-1.3135,-0.38046,0.092634
0.24278,0.15325,-1.2447,-0.43684,0.32276
0.30844,-0.03334,-1.2966,-0.14982,0.20764
0.46212,0.017467,-1.3398,-0.41904,0.22602
0.26404,0.2593,-1.1987,-0.19839,0.14519
0.15726,0.16259,-1.065,-0.29154,0.30832
0.2821,0.027865,-1.2333,-0.34543,0.14711
0.14509,0.17528,-1.0943,-0.12477,0.40613
0.39332,0.38778,-0.94974,-0.18759,0.3536
0.43348,0.46052,-0.99662,-0.23824,0.47816
0.39098,0.18917,-0.80088,-0.12501,0.41489
0.39937,0.30127,-0.69424,0.067717,0.58091
0.40027,0.41839,-0.70445,0.17814,0.56838
0.34791,0.30725,-0.83392,-0.011031,0.57225
0.31874,0.18637,-0.69056,0.23514,0.52627
0.42647,0.30902,-0.54852,0.19186,0.84769
0.22652,0.3467,-0.5231,-0.066087,0.88471
0.53743,0.31477,-0.51757,-0.019856,1.5459
0.40469,0.37249,-0.44207,0.091745,1.4311
0.46124,0.68547,-0.47868,-0.056446,2.1989
0.34185,0.33763,-0.43187,0.26785,2.4151
0.31609,0.50766,-0.50589,0.12458,2.9295
0.4149,0.64706,-0.14411,0.2845,3.5062
0.31016,0.23584,-0.38046,0.13113,3.8089
0.34731,0.66153,-0.37558,0.16077,4.1147
0.47504,0.57512,-0.43158,0.35001,4.5541
0.62071,0.53697,-0.22846,0.524,4.8329
0.93043,0.69343,-0.20153,0.66169,5.2038
0.98911,0.81602,0.093978,1.0828,5.4757
1.1995,0.78083,0.2392,1.8176,5.8354
1.3708,0.77126,0.33289,2.3189,5.9792
1.5701,0.74119,0.511,2.8432,6.2699
1.4882,0.8929,0.55475,3.4199,6.1941
1.6599,0.97023,0.47969,3.8954,6.4416
1.6781,1.2818,0.77184,4.5029,6.2065
1.5887,1.2994,0.78377,4.6297,6.387
1.6937,1.1265,0.51012,5.0602,5.9111
1.4744,1.0943,0.67801,5.3202,5.9978
1.3285,1.1956,0.63535,5.4037,5.6606
1.2668,1.3954,0.55831,5.5468,5.5248
1.1698,1.1957,0.72001,5.6807,5.3402
1.0618,1.1553,0.63061,5.7527,4.9482
0.8011,1.3096,0.63237,5.9679,4.8496
0.94126,0.95406,0.62805,5.874,4.5388
1.1069,1.0835,0.5677,5.9513,4.157
1.1911,1.1366,0.59228,6.1104,3.9826
1.3507,1.1338,0.63654,5.598,3.745
1.7798,1.2144,0.61311,5.7351,3.8481
2.0561,1.3628,0.58016,5.7072,3.7725
2.3618,1.5664,1.0765,5.49,4.0517
2.6177,1.8031,1.1429,5.2758,4.296
2.8123,1.9323,1.4196,5.3745,4.3318
2.7912,2.0919,1.7131,5.1586,4.3126
2.8513,1.9773,2.3351,4.8752,4.4591
2.8607,2.3143,2.5497,4.6494,4.6547
2.7552,2.1697,3.0032,4.5829,4.5388
2.5451,2.1108,3.2345,4.1197,4.8225
2.402,2.2379,3.4915,3.9292,4.6497
2.1138,2.0145,3.6275,3.3453,4.6577
1.8299,1.9896,3.7386,3.0047,4.5838
1.6772,1.792,3.488,2.457,4.6246
1.6789,1.7132,3.5011,2.0833,4.5078
1.3941,1.7698,3.3433,1.4893,4.4375
1.7334,1.7575,3.0926,1.0248,4.0283
1.8739,1.958,3.0947,0.34646,3.8744
1.9756,1.8179,2.8237,-0.25198,3.5629
2.0721,1.9413,2.8445,-0.66334,3.26
2.4253,2.1445,2.6176,-1.2236,2.9259
2.8207,2.0593,2.354,-1.8318,2.8543
2.9392,2.1984,2.0444,-2.4929,2.4993
3.2544,2.5211,1.7623,-2.7171,2.0218
3.5015,2.409,1.608,-2.8766,2.1428
3.64,2.478,1.5219,-3.3544,1.4743
3.6321,2.9173,1.3395,-3.5225,1.384
3.6782,3.0242,1.4027,-3.6638,1.3462
4.0399,3.4687,1.2201,-3.5443,1.249
3.9632,3.8195,1.3194,-3.3896,1.0942
3.8779,3.9296,1.3091,-3.4149,1.1791
3.5269,4.3431,1.5922,-3.2803,1.1982
3.4913,4.7151,1.6758,-3.0174,1.3355
3.3512,4.7674,1.6469,-2.7653,1.2089
2.9321,5.1047,1.735,-2.6454,1.4531
2.8081,5.0595,1.6923,-2.2895,1.5355
2.2376,5.2025,1.5642,-2.0894,1.2635
1.7067,5.1026,1.7675,-1.7893,1.1431
1.2921,4.8178,1.5247,-1.6245,1.1021
0.97534,4.6825,1.2382,-1.6578,0.72637
0.32516,4.5183,1.1619,-1.2798,0.60695
-0.073231,4.3979,1.0477,-1.3928,0.3734
-0.7956,3.9476,0.71432,-1.2046,0.25331
-1.1881,3.6299,0.52378,-1.2654,-0.17122
-1.613,3.2234,0.33769,-0.89635,-0.51379
-1.8545,2.6568,0.079593,-1.046,-0.86383
-2.3806,2.3342,0.14562,-1.2147,-0.99187
-2.9719,1.6389,-0.081078,-0.97446,-1.3608
-3.2362,1.4717,-0.030196,-0.86051,-1.6289
-3.2691,1.0963,-0.24168,-0.68508,-1.8329
-3.4609,0.57111,-0.40472,-0.83921,-1.9218
-3.5716,0.011328,-0.27537,-0.77884,-2.4104
-3.6511,-0.43294,-0.73915,-0.98037,-2.3827
-3.4618,-0.68755,-0.80053,-0.81967,-2.4347
-3.2955,-1.2535,-0.55262,-0.75708,-2.4811
-3.4477,-1.533,-0.92962,-0.90917,-2.2863
-3.2756,-1.8792,-1.2064,-1.0206,-1.8251
-3.0222,-2.2114,-1.2702,-0.87973,-1.5865
-2.898,-2.4676,-1.2232,-0.96406,-1.351
-2.7397,-2.5539,-1.4495,-1.0589,-1.095
-2.3838,-2.8985,-1.4871,-1.0758,-0.98297
-2.114,-3.1162,-1.6203,-1.0215,-0.79764
-2.2018,-3.1905,-1.6043,-0.86419,-0.55302
-1.9565,-3.2336,-1.7537,-1.1241,-0.52115
-1.6777,-3.17,-1.7422,-1.0882,-0.50342
-1.6366,-3.2191,-1.9777,-1.2015,-0.55468
-1.4291,-2.8128,-1.7361,-1.0432,-0.76134
-1.2289,-2.7833,-1.858,-1.0548,-0.67455
-1.0379,-2.3549,-1.8056,-1.0139,-0.71257
-0.77237,-2.0372,-1.3376,-0.67722,-0.76491
-0.5548,-1.3799,-1.0976,-1.0072,-0.70011
-0.074938,-0.64742,-0.759,-0.82889,-0.45872
0.2702,0.16774,-0.4689,-0.69644,-0.31515
0.60867,0.77276,-0.11449,-0.55532,-0.072666
1.162,1.554,0.18297,-0.39719,0.24268
1.2756,2.3168,0.63788,-0.4131,0.56217
1.7053,2.822,1.1386,-0.057427,0.87234
1.6094,3.6666,1.5947,0.028495,1.4774
1.8238,4.0256,1.6597,0.092978,1.794
1.774,4.2645,1.8422,0.17669,2.1109
1.5706,4.4812,1.9655,0.25056,2.2465
1.5999,4.9111,2.1453,0.40754,2.4199
1.4301,4.9279,2.4044,0.33259,2.8367
1.1349,5.0994,2.139,0.38878,2.8869
0.92491,5.0916,2.198,0.54139,2.8315
0.64846,5.072,2.3067,0.61042,2.9783
0.19435,4.89,2.1724,0.63731,3.09
0.2367,4.7788,1.9652,0.25548,3.0034
-0.32707,4.5792,1.7673,0.50286,2.536
-0.57431,4.3104,1.6353,0.50285,2.6669
-0.91568,3.9872,1.186,0.64404,2.3579
-1.1476,3.6917,1.1438,0.94527,2.0428
-1.4387,3.3918,0.69651,1.2973,1.9668
-1.5595,3.0552,0.4378,1.4007,1.6117
-1.8131,2.3538,0.25749,2.0088,1.4298
-1.9071,2.0896,-0.048861,2.3828,1.1505
-1.941,1.4785,-0.37865,2.4858,0.82591
-2.1749,0.68946,-0.67172,2.6514,0.78938
-2.2303,0.7411,-0.56933,2.8412,0.22746
-2.224,-0.23832,-0.74745,2.9626,0.0096856
-2.3362,-0.63673,-0.59202,2.9973,-0.11777
-2.2068,-1.1814,-0.51241,2.7192,-0.64269
-2.2897,-1.7627,-0.25339,2.6838,-0.74013
-1.9967,-2.2912,-0.064437,2.4723,-1.1969
-2.013,-2.8136,0.38161,2.4525,-1.4552
-1.9508,-3.0961,0.68314,2.1777,-1.5094
-1.5263,-3.6034,1.0488,2.1454,-1.8919
-1.4117,-3.8513,1.2834,1.7888,-1.8167
-1.097,-3.8732,1.5904,1.602,-1.9668
-1.0508,-4.2622,1.8014,1.5055,-2.048
-0.7626,-4.3872,2.06,1.1956,-2.1515
-0.73218,-4.5244,2.0465,0.9276,-2.2214
-0.78621,-4.5108,2.2949,0.87073,-2.5135
-0.68453,-4.4944,2.2676,0.38505,-2.308
-0.55534,-4.3523,2.1911,0.067036,-2.4307
-0.65753,-4.2852,1.8185,0.073287,-2.5054
-0.55783,-4.0626,1.7672,-0.31362,-2.5909
-0.71433,-3.8457,1.3883,-0.50768,-2.7947
-0.61294,-3.7882,1.0082,-0.69597,-2.5741
-0.64795,-3.756,0.815,-0.96447,-2.8176
-0.89147,-3.356,0.67324,-1.3834,-2.4623
-0.58608,-3.0876,0.21398,-1.4859,-2.7072
-0.90936,-2.7338,-0.51989,-1.6651,-2.6524
-0.77104,-2.6319,-0.76356,-1.7791,-2.5719
-0.88428,-2.5549,-1.0409,-1.8795,-2.3163
-0.72938,-2.2888,-1.2633,-1.9988,-2.5896
-0.87776,-2.1855,-1.6854,-1.9264,-2.4358
-0.84699,-2.0811,-2.3169,-2.1007,-2.4646
-0.93128,-1.6183,-2.4375,-1.9075,-2.4116
-1.0079,-1.6337,-2.6505,-2.1027,-2.3302
-0.9907,-1.3674,-2.9637,-2.1341,-2.2295
-0.88489,-1.349,-3.0426,-2.0276,-2.2244
-0.89164,-1.2695,-3.2967,-2.1287,-2.2945
-0.96767,-1.1875,-3.2768,-1.8034,-2.206
-0.99104,-1.2032,-3.1736,-1.9556,-2.0492
-1.0641,-1.1224,-3.3322,-1.7603,-2.0969
-0.92902,-1.03,-3.1855,-1.5787,-1.9836
-0.80867,-1.2115,-2.9602,-1.3905,-2.0004
-0.99907,-0.92074,-2.5309,-1.1596,-1.9537
-0.83159,-0.924,-2.2489,-1.0807,-1.8211
-0.68501,-0.85114,-2.0915,-1.0293,-1.7376
-0.9056,-0.93855,-1.8409,-0.83094,-1.7013
-0.74116,-0.82944,-1.5848,-0.69406,-1.605
-0.91628,-0.82797,-1.4426,-0.61698,-1.5458
-0.8139,-0.83198,-1.3541,-0.49502,-1.5988
-0.66349,-1.0738,-1.312,-0.43318,-1.543
-0.64541,-0.93509,-1.3309,-0.58425,-1.2452
-0.64045,-1.0338,-1.1432,-0.34323,-1.4637
-0.61536,-0.93816,-1.1271,-0.42507,-1.1099
-0.69012,-1.0582,-1.1596,-0.41231,-1.3738
-0.38421,-0.93445,-1.3029,-0.3441,-1.256
-0.4897,-0.8447,-1.307,-0.50745,-1.1035
-0.42545,-1.068,-1.2877,-0.35656,-1.0791
-0.44621,-1.0268,-1.585,-0.57127,-1.1928
-0.57437,-0.85265,-1.4734,-0.4285,-1.1488
-0.4596,-1.1249,-1.6004,-0.6322,-0.93089
-0.52748,-0.97408,-1.9152,-0.63815,-1.0768
-0.48787,-1.044,-1.9836,-0.60917,-0.9487
-0.41566,-0.88605,-1.8314,-0.55734,-1.0934
-0.44795,-0.62242,-1.9749,-0.54276,-0.96102
-0.42942,-0.64934,-2.0273,-0.68898,-0.95264
-0.26419,-0.35571,-1.8445,-0.65257,-0.98041
-0.34932,-0.039073,-1.5771,-0.62654,-0.98915
-0.39714,0.29474,-1.3693,-0.51504,-0.86319
-0.55651,0.75901,-1.01,-0.41899,-0.79429
-0.62401,1.0249,-0.71152,-0.41789,-0.78927
-0.62302,1.7193,-0.61325,-0.33144,-0.8195
-0.26093,1.9818,-0.26247,-0.12728,-0.63041
-0.21169,2.7011,0.086997,0.0036072,-0.56825
-0.12134,2.9986,0.40485,-0.07509,-0.60775
0.1214,3.6902,0.5995,0.10594,-0.4173
0.58271,4.0424,0.82202,0.33951,-0.22723
1.1278,4.3087,1.1899,0.3876,-0.053045
1.4246,4.6649,1.5131,0.47867,0.41482
1.8092,4.9858,1.8974,0.43435,0.39762
2.2826,5.102,1.7894,0.74171,0.71906
2.7962,5.6383,2.1032,0.79457,0.96997
3.2273,5.5451,2.1537,0.74041,1.416
3.6447,5.4382,2.3201,0.79016,1.5572
4.0909,5.6791,2.3431,0.97283,1.6017
4.2423,5.4446,2.2511,1.1746,1.9493
4.4391,5.7102,2.403,1.0808,1.8906
4.4282,5.668,2.3473,1.0808,2.2707
4.4764,5.2429,2.1867,1.1795,2.4267
4.5787,5.4084,2.2745,1.4301,2.5183
4.5253,4.9601,2.0343,1.7238,2.5846
4.0651,4.8829,1.8138,2.0634,2.8305
4.3005,4.4096,1.5247,2.0305,2.6391
3.8303,4.1299,1.0375,2.3398,3.1023
3.6061,3.689,1.0774,2.525,2.876
3.2222,3.231,0.81449,2.5916,2.4339
2.8155,2.9985,0.19125,2.3642,2.5867
2.1835,2.2754,-0.14366,2.559,2.3595
1.7996,2.0782,-0.30391,2.3989,1.912
1.6286,1.5259,-0.58371,2.0699,2.0632
1.0091,0.8977,-0.95066,1.9575,1.6261
0.4327,0.42812,-0.99796,1.5239,1.5222
-0.064455,-0.38182,-0.85404,1.4494,1.1237
-0.68727,-1.0168,-0.91779,1.1948,1.0159
-1.1495,-1.6904,-0.88107,1.0289,0.52126
-1.5919,-2.094,-0.64588,0.89953,0.26554
-2.1765,-2.7627,-0.74328,0.74006,0.22986
-2.544,-3.1539,-0.41955,0.30918,0.087314
-2.8409,-3.6257,-0.41743,0.11398,0.015726
-2.781,-4.2399,-0.47418,-0.052646,-0.44128
-3.2374,-4.486,-0.37819,-0.29708,-0.59359
-3.1924,-4.9189,-0.42202,-0.52457,-0.71651
-3.3051,-5.2341,-0.5799,-0.56193,-0.7796
-3.3405,-5.4204,-0.74361,-0.63441,-1.0443
-3.4187,-5.3773,-0.84664,-1.1614,-1.2037
-3.2419,-5.4376,-0.94228,-1.0913,-1.2498
-3.0508,-5.4098,-1.2125,-1.3027,-1.3444
-2.9536,-5.4599,-1.4169,-1.4435,-1.506
-2.8226,-5.3547,-1.6048,-1.4738,-1.3307
-2.3729,-5.193,-1.8683,-1.6452,-1.4846
-2.3426,-5.02,-1.9116,-1.5859,-1.1571
-1.8835,-4.6441,-2.0498,-1.7518,-1.2843
-1.8903,-4.2751,-2.1909,-1.6204,-1.3143
-1.7425,-4.0642,-2.2043,-1.9227,-1.2572
-1.3043,-3.4967,-2.3525,-1.7188,-1.3409
-1.1442,-3.4313,-2.3585,-1.6993,-1.2561
-1.105,-2.9741,-2.3617,-1.727,-1.1417
-1.0786,-2.9031,-2.484,-1.5422,-1.0988
-1.0879,-2.4903,-2.652,-1.4665,-0.83792
-0.76007,-2.1699,-2.4679,-1.5773,-0.71205
-0.81212,-2.0371,-2.5604,-1.2433,-0.29619
-0.80275,-1.792,-2.7678,-1.2969,0.25978
-0.50616,-1.7291,-2.8051,-1.1073,0.75882
-0.64602,-1.4798,-2.4263,-1.1294,0.78926
-0.72902,-1.3045,-2.4805,-1.2408,1.0964
-0.64095,-1.1444,-2.2739,-1.1674,1.4254
-0.68951,-0.84217,-2.1302,-0.78234,1.6413
-0.60322,-0.78935,-2.1451,-0.83759,1.6604
-0.58155,-0.48535,-1.9792,-0.70094,1.6124
-0.65392,-0.42813,-1.7371,-0.47283,1.6963
-0.5003,-0.41832,-1.7038,-0.55262,1.8132
-0.71802,-0.22221,-1.6052,-0.61541,1.6988
-0.55933,-0.33425,-1.6696,-0.38715,1.4266
-0.68854,-0.12435,-1.3868,-0.56804,1.2702
-0.72937,-0.18653,-1.4525,-0.3069,1.049
-0.70623,-0.24992,-1.6922,-0.31009,0.69592
-0.76785,-0.047165,-1.4761,0.016066,0.88396
-0.5552,0.08839,-1.3421,0.60707,0.67576
-0.73351,0.17786,-1.2568,1.0686,0.37874
-0.75926,0.54273,-0.98059,1.5522,0.58851
-0.71282,0.72322,-1.0213,2.1343,0.65734
-0.6084,1.0291,-0.48432,2.8064,0.59425
-0.63466,1.2316,-0.13254,3.3816,0.73856
-0.48222,1.6857,0.03653,3.7596,0.86499
-0.67135,2.123,0.21098,3.8871,1.0607
-0.70467,2.4681,0.64497,4.1081,1.2072
-0.52065,2.7549,0.66647,4.3841,1.1289
-0.56113,3.0399,1.0167,4.7307,1.4985
-0.35905,3.2301,1.2088,5.0228,1.6228
-0.46444,3.2196,1.4968,5.1052,1.6451
-0.54468,3.1966,1.8677,4.8827,1.7292
-0.38037,3.3977,1.8565,5.065,2.0251
-0.59778,3.0561,2.2318,5.1778,1.8414
-0.51839,3.008,2.2642,5.2148,2.0047
-0.50985,2.5026,2.4572,5.0302,1.8984
-0.54244,2.5931,2.5581,5.2321,2.1976
-0.2438,2.2352,2.8125,4.9333,2.3743
-0.23268,2.0123,2.8406,4.9977,2.257
-0.33032,1.5912,2.9854,4.9453,2.2996
-0.38165,1.3952,2.7733,4.635,2.1638
-0.34737,0.84319,2.9183,4.7163,2.2287
-0.40043,0.49116,3.0865,4.2246,2.301
-0.25578,0.14278,2.9796,4.278,2.213
-0.33407,-0.19642,2.9111,4.265,2.2303
-0.21962,-0.60116,2.99,4.0719,2.0085
-0.43353,-1.0002,2.75,3.7454,2.0848
-0.36176,-1.2193,2.4755,3.7241,1.9034
-0.26093,-1.6438,2.3032,3.5055,1.9476
-0.17529,-1.813,1.7673,3.2519,1.8795
-0.067907,-2.1503,1.439,3.0114,1.7252
-0.306,-2.4396,1.1641,2.978,1.4152
-0.24594,-2.5935,0.70883,2.6353,1.6243
-0.079283,-2.8572,0.35318,2.3369,1.4147
-0.15475,-3.0378,-0.30699,2.2421,1.2284
-0.083868,-2.9908,-0.29581,1.8653,1.1225
-0.22731,-3.1039,-0.88897,1.4621,1.0095
-0.18709,-3.2158,-1.3401,1.4808,0.9693
-0.098403,-3.2603,-1.5256,0.86794,0.71663
-0.10262,-3.2273,-1.788,0.34819,0.46581
-0.14086,-2.9138,-2.1881,0.016719,0.077179
-0.1074,-2.8459,-2.3612,-0.63149,-0.20081
0.051089,-2.4635,-2.4008,-1.1838,-0.14319
-0.03782,-2.1933,-2.7202,-1.6248,-0.64167
-0.036527,-1.7723,-2.6291,-2.1997,-0.82241
-0.19784,-1.1773,-2.5175,-2.7471,-0.87474
-0.22385,-0.76622,-2.3128,-3.2417,-0.95454
-0.2391,-0.12068,-1.9582,-3.3967,-1.5086
-0.060587,0.59083,-1.5687,-3.9318,-1.5227
-0.082183,1.1818,-1.2876,-4.1373,-1.5975
-0.027012,1.8727,-1.1088,-4.1268,-1.7783
-0.063693,2.3319,-0.72476,-4.2728,-1.8298
0.1147,2.8851,-0.5962,-4.5523,-1.9695
0.12628,3.2247,-0.15956,-4.4889,-2.0027
-0.12036,3.4665,-0.022287,-4.4997,-2.061
-0.018164,3.8146,0.30385,-4.5139,-2.1732
0.018516,3.9403,0.51466,-4.2853,-1.9131
-0.12721,4.1614,0.60379,-4.4691,-2.2398
-0.014462,4.3795,0.94834,-4.3745,-2.1495
-0.097641,4.3191,1.0189,-3.9973,-1.9929
-0.13748,4.611,0.86224,-3.9223,-2.018
0.005057,4.4485,1.3053,-3.6424,-1.8923
0.14848,4.3272,1.511,-3.2812,-1.9246
-0.031373,4.3412,1.8223,-2.9817,-1.9005
0.2892,4.5234,1.5709,-2.7604,-1.8271
0.094113,4.2623,1.8397,-2.5096,-1.5001
-0.068828,4.1804,2.1302,-2.2372,-1.5152
0.23319,3.963,2.4386,-2.0408,-1.4165
0.06725,3.9243,2.4703,-1.6529,-1.3027
0.08003,3.9103,2.9302,-1.2805,-1.2313
-0.021163,3.6366,2.9177,-1.4626,-0.73945
0.067661,3.7451,2.8997,-1.0645,-0.43672
0.2687,3.2676,3.3651,-1.0039,0.078632
0.34318,3.3803,3.333,-0.50859,0.40616
0.74459,3.4286,3.3023,-0.64872,0.93229
1.2941,3.2637,3.6641,-0.30264,1.4271
1.5011,3.1888,3.5441,-0.19162,1.8767
1.8595,3.2149,3.6703,-0.26493,2.4118
1.89,3.0459,3.5868,-0.064661,2.9069
2.212,2.8274,3.3357,-0.22279,3.0808
2.1528,2.7158,3.397,-0.089851,3.3139
2.1238,2.6612,2.9841,-0.45553,3.4672
2.3298,2.5949,2.7533,-0.39875,3.7586
2.2898,2.395,2.5262,-0.64965,3.4073
1.8257,2.3388,2.1851,-0.7946,3.4175
1.8136,1.8049,1.7551,-0.90332,3.3751
1.7061,1.1185,1.58,-1.2835,3.2931
1.5215,0.88179,0.67113,-1.1798,2.9678
1.1304,0.65423,0.36008,-1.5109,2.6981
1.1027,0.14919,-0.066712,-1.8433,2.3106
0.86096,-0.20766,-0.50102,-2.0317,1.839
0.78842,-0.65929,-1.2719,-2.417,1.7398
0.29396,-1.1552,-1.5454,-2.5157,1.1145
0.2638,-1.5932,-1.8367,-2.6286,0.81096
-0.15456,-2.1433,-2.5756,-2.7189,0.12309
-0.23227,-2.6353,-3.1187,-3.1248,-0.27974
-0.37293,-3.1105,-3.4236,-2.9023,-0.56825
-0.36159,-3.5517,-3.9652,-2.6096,-0.80206
-0.67368,-3.8839,-4.1468,-2.1827,-1.3012
-0.72621,-4.2237,-4.6741,-1.8197,-1.6232
-0.55958,-4.6122,-4.5952,-1.2585,-1.5737
-0.69157,-4.7471,-4.7056,-0.68231,-1.6557
-0.8281,-5.2647,-4.7986,-0.017898,-1.6646
-0.72492,-5.3587,-4.9397,0.55776,-1.7236
-0.78301,-5.3751,-5.0349,0.95694,-1.6745
-0.73559,-5.6706,-5.1284,1.449,-1.4423
-0.73665,-5.8874,-5.0467,1.8917,-1.3736
-0.90388,-5.8304,-4.984,2.191,-1.2715
-0.3883,-5.7322,-4.9075,2.3828,-1.3202
-0.52199,-5.6498,-4.6543,2.4477,-0.98071
-0.6175,-5.1541,-4.5555,2.6276,-0.71668
-0.40062,-5.4551,-4.2498,2.2587,-0.59153
-0.4083,-5.2179,-4.0275,2.2661,-0.47484
-0.37554,-4.8818,-3.997,2.1271,-0.53749
0.030922,-4.5307,-3.5368,1.9504,-0.54923
0.18999,-4.1662,-3.409,1.6713,-0.35878
0.4874,-3.9012,-3.4345,1.1444,-0.63892
0.75046,-3.5793,-3.0556,0.86744,-0.43693
0.82714,-3.5263,-3.161,0.47933,-0.8257
0.89709,-3.1812,-2.8084,0.052682,-0.6573
0.95941,-2.7591,-2.5379,-0.47487,-0.81887
1.0115,-2.427,-2.3575,-0.95051,-0.93919
0.93431,-2.0301,-2.1867,-1.2765,-1.1564
1.0583,-1.7073,-1.9557,-1.7814,-1.3199
0.93242,-1.1782,-1.7494,-2.0775,-1.4241
1.053,-0.8467,-1.3958,-2.5615,-1.5204
0.80212,-0.38967,-1.0941,-2.8168,-1.5856
0.74562,-0.012748,-1.0079,-3.1789,-1.7626
0.87101,0.30465,-0.7765,-3.2886,-1.9871
0.56921,0.34923,-0.64323,-3.7307,-1.7872
0.36627,0.67531,-0.62575,-3.9256,-2.1751
0.26866,0.80053,-0.60387,-4.0781,-2.2723
0.057421,0.68853,-0.58875,-4.2513,-2.3703
-0.13549,0.86125,-0.56681,-4.459,-2.4193
0.13361,0.72184,-0.74645,-4.6018,-2.3931
0.026831,0.62568,-0.75452,-4.5325,-2.4744
-0.25711,0.58556,-0.76893,-4.3741,-2.699
-0.18553,0.37967,-0.96523,-4.3124,-2.6911
-0.31821,0.28736,-1.0494,-4.0872,-2.4728
-0.05565,-0.025778,-1.0299,-4.2098,-2.3493
-0.0048344,-0.16432,-1.0533,-3.9628,-2.22
0.44382,-0.30517,-1.207,-3.4683,-2.2609
0.77751,-0.48394,-1.2077,-3.6137,-2.1022
1.1247,-0.55071,-0.97501,-3.0676,-1.8579
1.6727,-0.59049,-1.0677,-2.4632,-1.4424
2.115,-0.74885,-1.0649,-1.6993,-1.1391
2.689,-0.69452,-0.95872,-0.93028,-0.67749
3.3272,-0.6145,-0.77969,-0.10956,-0.16143
3.2769,-0.45741,-0.77137,0.44854,0.10591
3.4841,-0.5583,-0.64779,1.13,0.44718
3.4911,-0.40897,-0.63559,1.4995,0.90283
3.4769,-0.33947,-0.62714,1.6358,0.83238
3.4335,-0.42175,-0.58915,1.7351,1.139
3.0077,-0.31049,-0.54442,1.7419,1.448
2.9123,-0.22723,-0.54641,1.7762,1.5665
2.7124,-0.63917,-0.67408,1.7754,1.4679
2.451,-0.60186,-0.56829,1.6166,1.99
1.9881,-0.60486,-0.87214,1.4148,1.7812
1.5139,-0.71932,-0.61632,1.1471,1.8656
1.078,-0.89954,-0.80125,0.91985,1.817
0.8427,-0.89689,-0.84338,0.63658,1.7319
0.52875,-1.304,-1.0455,0.37751,1.5501
0.24453,-1.1498,-0.86858,-0.17031,1.4482
-0.29179,-1.3555,-0.82597,-0.5055,1.1128
-0.56561,-1.5364,-1.2075,-0.90822,0.84824
-0.87287,-1.5899,-1.1584,-1.2443,0.56642
-1.1816,-1.6628,-0.9743,-1.4716,0.39241
-1.3324,-1.712,-1.1511,-1.9071,-0.14432
-1.8379,-1.7983,-1.3349,-2.1401,-0.32886
-1.8185,-1.8762,-1.0799,-2.4331,-0.72419
-1.9681,-1.7572,-1.31,-2.8109,-1.016
-2.0683,-2.2025,-1.2739,-2.9318,-1.2941
-1.8029,-2.0694,-1.1633,-3.3102,-1.4638
-1.9155,-1.9118,-1.0631,-3.2528,-1.8564
-1.3757,-1.9568,-1.0421,-3.4367,-1.8537
-1.0016,-1.961,-0.86345,-3.3073,-2.0106
-0.48638,-1.8442,-0.80224,-3.436,-1.9526
0.12765,-1.5136,-0.626,-3.3276,-1.812
0.84003,-1.2755,-0.47352,-3.3448,-1.9544
1.436,-1.0146,-0.35887,-3.1253,-1.618
1.7385,-0.68683,-0.14352,-2.8266,-1.4455
2.2882,-0.27578,0.09556,-2.5531,-1.154
3.0798,-0.074564,0.24151,-2.7427,-1.1479
3.265,0.3723,0.35291,-2.4747,-0.88915
3.619,0.45224,0.66515,-2.2939,-0.72424
3.8085,1.0107,0.71568,-2.1035,-0.52795
3.9806,1.0414,1.0065,-1.9023,-0.3215
3.901,1.5283,0.82971,-1.7869,-0.10126
4.2177,1.3552,1.2415,-1.5644,0.087855
4.2913,1.6447,1.1295,-1.3617,0.24866
4.1957,1.893,1.2974,-1.3069,0.25945
3.9873,1.9104,1.3387,-1.1073,0.48976
4.0303,2.1319,1.2739,-1.2148,0.62694
4.0296,2.1157,1.3352,-1.0469,0.79477
3.9238,2.1387,1.361,-0.89306,0.63974
3.6717,2.1888,1.6004,-0.74991,0.8056
3.7562,2.3808,1.5694,-0.4181,0.60412
3.5588,2.4542,1.5173,-0.56903,0.60274
3.2019,2.493,1.7013,-0.51475,0.66766
3.3656,2.6776,1.7781,-0.57957,0.61959
3.0417,2.8865,1.947,-0.38064,0.68732
2.8742,3.0955,2.1639,-0.20429,0.75694
2.9947,3.1646,2.2408,-0.19889,0.64142
2.6587,3.416,2.4702,0.004484,0.69328
2.2912,3.5102,2.7598,-0.080477,0.55064
2.0947,3.5856,2.7265,-0.06093,0.45234
1.9041,3.6456,2.9426,0.10807,0.34409
1.3785,3.8792,3.0681,0.10586,0.26388
0.86476,3.9229,3.1198,0.1118,0.13997
0.60018,4.1289,3.0145,0.33277,0.023539
0.039061,3.9736,3.0606,0.13347,-0.10054
-0.4373,4.1363,3.1003,0.088143,-0.46871
-0.79047,3.9576,3.1728,0.20108,-0.57296
-1.2061,3.859,3.0779,0.33935,-1.0776
-1.7421,3.8926,3.0613,0.12698,-1.2155
-2.2435,3.6705,2.9567,0.22097,-1.2522
-2.6354,3.7224,2.8085,0.46757,-1.5213
-3.0573,3.6203,2.7401,0.23632,-1.5622
-3.476,3.4308,2.8265,0.16552,-1.6779
-3.6964,3.3139,2.7885,0.38866,-1.8812
-4.066,3.2124,2.733,0.015246,-2.1174
-4.278,2.9033,2.7953,0.29637,-2.1435
-4.2641,2.5921,2.674,0.13242,-2.1385
-4.5719,2.3855,2.4551,0.33887,-2.344
-4.4612,2.0127,2.7308,0.084492,-2.257
-4.4486,1.5117,2.6729,0.2913,-2.2609
-4.4142,1.2123,2.9228,0.35696,-2.4056
-4.2571,0.89084,2.8626,0.2309,-2.2945
-4.0638,0.45573,2.5471,0.4731,-2.1648
-3.8681,0.19019,2.2526,0.27407,-2.165
-3.829,-0.53979,2.2973,0.27891,-2.2582
-3.3442,-0.84975,1.9492,0.48517,-1.922
-3.2265,-1.4199,1.3583,0.7208,-2.0717
-3.0678,-1.7364,1.2921,0.9238,-1.9104
-2.8378,-2.2691,0.91462,1.3144,-1.8568
-2.5648,-2.6587,0.67892,1.9368,-1.6692
-2.3727,-3.2704,0.34919,2.091,-1.3845
-2.289,-3.7369,-0.072957,2.6571,-1.0324
-2.0527,-3.9237,-0.26549,2.8155,-0.82687
-2.0848,-4.3922,-0.60799,3.3616,-0.37958
-1.8323,-4.7627,-0.90975,3.7442,-0.34566
-1.7431,-4.8211,-1.2932,3.7285,-0.066069
-1.6573,-5.029,-1.3424,4.0634,0.083171
-1.5953,-5.2751,-1.6185,4.2761,0.3812
-1.7012,-5.4389,-1.9734,4.0791,0.55517
-1.5711,-5.2571,-2.0498,4.1,0.57166
-1.5209,-5.2639,-2.1522,3.9845,0.58558
-1.5688,-5.1529,-2.341,3.772,0.58705
-1.5553,-5.1067,-2.4383,3.6178,0.75266
-1.4754,-4.843,-2.2726,3.344,0.55585
-1.6367,-4.7922,-2.5326,3.0163,0.31231
-1.3234,-4.4087,-2.4147,2.6358,0.10176
-1.6011,-4.0442,-2.18,2.1588,-0.10238
-1.6588,-3.2676,-2.0351,1.7358,-0.11612
-1.5666,-2.7313,-1.5233,1.451,-0.30648
-1.4695,-1.9077,-1.2927,0.91778,-0.41534
-1.5131,-1.3367,-0.80069,0.43768,-0.7025
-1.5144,-0.56344,-0.48925,0.25648,-0.89077
-1.5876,0.2956,-0.062816,-0.21984,-0.93755
-1.4474,0.59406,0.22134,-0.67775,-1.0888
-1.4859,1.1542,0.52166,-0.88574,-1.2392
-1.5928,1.8881,1.1713,-1.3053,-1.319
-1.5315,2.3942,1.6471,-1.2611,-1.559
-1.4763,2.4813,1.9951,-1.5302,-1.7947
-1.5493,3.0083,2.4446,-1.676,-1.5678
-1.4444,3.1605,2.7607,-1.7004,-1.5878
-1.3996,3.5992,3.2087,-1.5902,-1.8284
-1.4125,3.5918,3.5961,-1.6791,-1.6644
-1.3155,3.7971,3.6226,-1.4479,-1.4961
-1.4558,3.6377,3.8156,-1.4672,-1.5701
-1.4991,3.8514,3.6884,-1.2492,-1.4118
-1.3103,3.7937,3.6908,-1.2116,-1.4672
-1.2357,3.6943,3.7086,-1.0312,-1.5774
-1.267,3.7461,3.5729,-1.0403,-1.3394
-1.0689,3.5034,3.1433,-1.1227,-1.5332
-1.001,3.188,3.1605,-0.85589,-1.3014
-1.049,2.9123,2.7382,-1.0448,-1.4192
-1.0582,2.8142,2.2974,-1.0385,-1.3645
-0.97064,2.3716,2.0152,-1.0576,-1.315
-1.0284,2.1849,1.6327,-1.1116,-1.2853
-1.1511,1.6876,1.3039,-1.0477,-1.3643
-1.0302,1.1801,0.78936,-1.1587,-1.2685
-0.99307,1.0173,0.34707,-1.1361,-1.439
-0.78148,0.41219,-0.091038,-1.3505,-1.1535
-0.93731,-0.17523,-0.44253,-1.2044,-1.2356
-0.82816,-0.70473,-0.70422,-1.2274,-1.373
-0.87272,-1.1974,-1.2952,-0.97207,-1.2482
-0.62622,-1.7227,-1.5847,-0.9869,-1.3538
-0.7368,-1.9962,-1.6638,-0.58051,-1.3594
-0.85653,-2.5807,-1.9982,0.061565,-1.006
-0.71508,-2.8256,-2.1943,0.45282,-0.67859
-0.78561,-2.7976,-2.2222,0.78269,-0.50645
-0.81409,-3.1368,-2.094,1.7676,-0.21883
-0.88796,-2.9911,-2.1127,2.1269,0.01501
-0.73536,-2.868,-1.8087,2.6036,0.09824
-0.74223,-2.7924,-1.7088,3.0303,0.29394
-0.77247,-2.3755,-1.3821,3.3847,0.55263
-0.72145,-2.2676,-1.3394,3.6916,1.0364
-0.64878,-2.036,-1.281,3.8091,1.0775
-0.80131,-1.8644,-1.0137,4.0587,1.2647
-0.57888,-1.571,-0.95643,4.3261,1.5126
-0.50796,-1.3503,-1.0535,4.2278,1.6047
-0.44587,-1.2865,-1.099,4.316,1.6548
-0.45971,-1.3181,-0.94791,4.2744,1.6994
-0.50729,-1.1508,-1.0253,4.3599,1.7524
-0.52099,-1.1597,-1.0743,4.1977,2.0215
-0.43163,-1.1286,-1.1369,4.2383,2.0339
-0.38055,-1.2647,-1.2707,4.0809,2.1086
-0.52617,-1.3605,-1.2819,4.1645,1.7018
-0.50588,-1.3376,-1.3987,3.9042,2.0047
-0.4924,-1.4159,-1.4142,3.8371,1.9275
-0.44695,-1.4939,-1.3988,3.8464,1.9587
-0.43145,-1.7577,-1.4151,3.7238,1.8262
-0.63116,-1.7451,-1.4549,3.4517,1.8467
-0.5239,-1.8175,-1.5739,3.322,1.7409
-0.45071,-1.8099,-1.6497,2.9864,1.6559
-0.31311,-2.0955,-1.6054,2.6456,1.5399
-0.45987,-1.9704,-1.5517,2.2992,1.2366
-0.28573,-2.2491,-1.4376,1.9122,1.3926
-0.29947,-2.4762,-1.6034,1.5027,1.2054
0.080783,-2.2399,-1.7092,1.0185,1.449
-0.084746,-2.4216,-1.5365,0.47167,1.4867
-0.21821,-2.4708,-1.5734,-0.045007,1.3374
-0.079226,-2.4169,-1.4219,-0.61614,1.4958
-0.12857,-2.4752,-1.3122,-1.0099,1.5635
-0.083139,-2.4451,-1.471,-1.5616,1.8088
-0.23173,-2.4684,-1.3204,-2.1885,2.0146
-0.12737,-2.5598,-1.5448,-2.7406,2.2356
-0.18675,-2.4708,-1.5067,-3.1359,2.1676
-0.13744,-2.3312,-1.2651,-3.9331,2.4522
-0.083215,-2.443,-1.1604,-4.1058,2.402
0.0024434,-2.313,-1.2517,-4.4883,2.4085
-0.17753,-1.9778,-1.0432,-4.7757,2.4086
-0.17187,-2.0115,-1.2606,-4.9359,2.1564
